Código;Descrição;U.M;Valor custo R$;"Valor 
venda R$";Lucro R$;lucro %;Saldo estoque;"Custo estoque
Atual R$";Fornecedor;Cód Forn.
PRO0001;PARAFUSO ALLEN SEM CABEÇA M2X3 MA INOX A2;PÇ;0,2;0,6;0,4;200,00%;300;60;;
PRO0002;P. CAB. ABAULADA SX INT. M3-0.50 X 6 LG12.9-CO Titânio D;PÇ;1;1,5;0,5;50,00%;300;300;;
PRO0003;PORCA REBITE REC. M12 ABA PLANA INOX 304;PÇ;2;6,17;4,17;208,50%;100;200;;
PRO0004;PARAFUSO DE TRAÇÃO REBITADOR MANUAL ;PÇ;20;70;50;250,00%;41;820;;
PRO0005;P. RM PAN. C/ PH. M1.6-0.35 X 4mm - INOX A2;PÇ;1;1,07;0,07;7,00%;900;900;;
PRO0006;POR. SEXT. M1.6-0.35MA INOX A2;PÇ;1;0,35;-0,65;-65,00%;9.900,00;9900;;
PRO0007;P. S/C SEXT. INT P. CV M2-0.40 X 5 MA INOX A2;PÇ;1;0,66;-0,34;-34,00%;500;500;;
PRO0008;PARAFUSO M2x3 ALLEN CHATO INOX;PÇ;1;0,63;-0,37;-37,00%;1.000,00;1000;;
PRO0009;PARAFUSO TORX M1.6X5 CABEÇA CHATA INOX;PÇ;1;0,6;-0,4;-40,00%;1.000,00;1000;;
PRO0010;PARAFUSO TORX M2X5 CABEÇA CHATA INOX;PÇ;1;0,6;-0,4;-40,00%;1.000,00;1000;;
PRO0011;PARAFUSO ALLEN SEM CABEÇA M2X10 INOX;PÇ;1;0,6;-0,4;-40,00%;1.000,00;1000;;
PRO0012;ESPAÇADOR MACHO/FÊMEA M3X6X6 NYLON PA66 PRETO;PÇ;1;0,48;-0,52;-52,00%;4.800,00;4800;;
PRO0013;ESPAÇADOR MACHO/FÊMEA M3x10x6 NYLON PRETO;PÇ;1;0,58;-0,42;-42,00%;1.000,00;1000;;
PRO0014;ESPAÇADOR MACHO/FÊMEA M3x20x6 NYLON PRETO;PÇ;1;0,98;-0,02;-2,00%;1.000,00;1000;;
PRO0015;PARAFUSO M2x8 ALLEN ABAULADO INOX;PÇ;1;0,6;-0,4;-40,00%;1.000,00;1000;;
PRO0016;PARAFUSO M2x5 ALLEN ABAULADO INOX;PÇ;1;0,55;-0,45;-45,00%;1.000,00;1000;;
PRO0017;P. SEXT. RI M8-1.25MA X 40 NYLON P66-BRANCO;PÇ;1;6,9;5,9;590,00%;100;100;;
PRO0018;POR. SEXT. M8-1.25MA NYLON P66- BRANCO;PÇ;1;1,97;0,97;97,00%;200;200;;
PRO0019;AR. LISA M8 NYLON P66-BRANCO;PÇ;1;0,58;-0,42;-42,00%;500;500;;
PRO0020;FRETE SEDEX ;PÇ;1;50,06;49,06;4906,00%;200;200;;
PRO0021;P. CAB. CHATA SX INT. M3-0.50 X 5MA LG 12.9;PÇ;1;0,8;-0,2;-20,00%;100;100;;
PRO0022;P. RM CH C/ PH. M4-0.70 X 10MA NYLON P66- PRETO;PÇ;1;0,97;-0,03;-3,00%;50;50;;
PRO0023;P. RM CH C/ PH. M4-0.70 X 15MA NYLON P66- PRETO;PÇ;1;1,1;0,1;10,00%;50;50;;
PRO0024;PA M3X6 C. CHATA PHILLIPS INOX;PÇ;1;0,6;-0,4;-40,00%;1.000,00;1000;;
PRO0025;PORCA SEXTAVADA M3 INOX;PÇ;1;0,25;-0,75;-75,00%;1.000,00;1000;;
PRO0026;PA M1X10 C. PANELA PHILLIPS INOX;PÇ;1;0,8;-0,2;-20,00%;1.000,00;1000;;
PRO0027;PORCA SEXTAVADA M1 INOX;PÇ;1;0,3;-0,7;-70,00%;111;111;;
PRO0028;PA M2X6 C. CHATA PHILLIPS INOX;PÇ;1;0,6;-0,4;-40,00%;1.000,00;1000;;
PRO0029;PORCA SEXTAVADA COMUM M2x0,40 MA - INOX;PÇ;1;0,28;-0,72;-72,00%;1.000,00;1000;;
PRO0030;INSERTO METÁLICO M4x6x5;PÇ;1;0,64;-0,36;-36,00%;1.000,00;1000;;
PRO0031;INSERTO METÁLICO M5x6x6.5;PÇ;1;0,95;-0,05;-5,00%;1.000,00;1000;;
PRO0032;INSERTO METÁLICO M6x6x7;PÇ;1;1,8;0,8;80,00%;100;100;;
PRO0033;ESPAÇADOR MACHO/FÊMEA M3x25x6 NYLON PRETO;PÇ;1;1,05;0,05;5,00%;500;500;;
PRO0034;ARRUELA DE NYLON M2 PA66 PRETA;PÇ;1;0,25;-0,75;-75,00%;0;0;;
PRO0035;Arruela de Nylon PA66 - M2.5x5x1 - Preta;PÇ;1;0,25;-0,75;-75,00%;900;900;;
PRO0036;ARRUELA NYLON PA66  - M2 BRANCA;PÇ;1;0,48;-0,52;-52,00%;1.000,00;1000;;
PRO0037;ARRUELA NYLON PA66  - M4 BRANCA;PÇ;1;0,48;-0,52;-52,00%;200;200;;
PRO0038;PARAFUSO ALLEN SEM CABEÇA M3X6 INOX;PÇ;0,3;0,6;0,3;100,00%;1.000,00;300;;
PRO0039;PARAFUSO ALLEN SEM CABEÇA M3X8 INOX;PÇ;0,3;0,6;0,3;100,00%;500;150;;
PRO0040;PARAFUSO ALLEN SEM CABEÇA M3X10 INOX;PÇ;0,3;0,65;0,35;116,67%;1.000,00;300;;
PRO0041;PARAFUSO M2X6 C. PANELA PHILLIPS NYLON PA66 PRETO;PÇ;1;0,78;-0,22;-22,00%;1.000,00;1000;;
PRO0042;PARAFUSO M3X6 C. PANELA PHILLIPS NYLON PA66 PRETO;PÇ;1;0,31;-0,69;-69,00%;800;800;;
PRO0043;ESPAÇADOR M3X10 M/F NYLON PA66 PRETO;PÇ;11;0,74;-10,26;-93,27%;1.000,00;11000;;
PRO0044;ESPAÇADOR M2X10 M/F NYLON PA66 PRETO;PÇ;1;0,47;-0,53;-53,00%;10.000,00;10000;;
PRO0045;PARAFUSO M2.5X6 ALLEN CILINDRICO INOX A2;PÇ;1;0,6;-0,4;-40,00%;300;300;;
PRO0046;INSERTO METÁLICO M2.5x5x3.5;PÇ;1;0,78;-0,22;-22,00%;1.000,00;1000;;
PRO0047;INSERTO METÁLICO M1x2x2;PÇ;1;1,92;0,92;92,00%;300;300;;
PRO0048;PORCA REBITE M6 CILINDRICO ABA PLANA ALUMINIO;PÇ;1;1,4;0,4;40,00%;10.000,00;10000;;
PRO0049;PORCA REBITE M6 CILINDRICO ABA PLANA INOX;PÇ;1;2,6;1,6;160,00%;10.000,00;10000;;
PRO0050;PORCA REBITE M6 CILINDRICO ABA PLANA AÇO C. BICRO.;PÇ;1;0,6;-0,4;-40,00%;10.000,00;10000;;
PRO0051;PORCA REBITE M5 CILINDRICO ABA PLANA ALUMINIO;PÇ;1;1,27;0,27;27,00%;1.000,00;1000;;
PRO0052;PORCA REBITE M5 CILINDRICO ABA PLANA AÇO INOX;PÇ;1;1,58;0,58;58,00%;10.000,00;10000;;
PRO0053;PORCA REBITE M5 CILINDRICO ABA PLANA AÇO C. BICRO.;PÇ;1;0,52;-0,48;-48,00%;10.000,00;10000;;
PRO0054;PORCA REBITE M8 CILINDRICO ABA PLANA ALUMINIO;PÇ;1;1,7;0,7;70,00%;10.000,00;10000;;
PRO0055;PORCA REBITE M8 CILINDRICO ABA PLANA AÇO INOX;PÇ;1;2,72;1,72;172,00%;10.000,00;10000;;
PRO0056;PORCA REBITE M8 CILINDRICO ABA PLANA AÇO C. BICRO.;PÇ;1;0,78;-0,22;-22,00%;10.000,00;10000;;
PRO0057;REBITADEIRA PORCA REBITE MANUAL BT - 606 - M3 A M8;PÇ;1;350;349;34900,00%;3;3;;
PRO0058;PORCA REBITE M6 CILINDRICO ABA CÔNICA AÇO C. BICROMATIZADO;PÇ;1;0,67;-0,33;-33,00%;10.000,00;10000;;
PRO0059;P. RM PAN. C/ PH. M8-1.25 X 50 NYLON PA66 BRANCO ;PÇ;1;6,94;5,94;594,00%;188;188;;
PRO0060;POR. BORBOLETA M8-1.25MA-NYLON PA66- Branco;PÇ;1;5,98;4,98;498,00%;188;188;;
PRO0061;P. RM CH C/ PH. M8-1.25 X 20MA NYLON PA66- PRETO;PÇ;1;5,22;4,22;422,00%;100;100;;
PRO0062;ESPAÇADOR MACHO/FÊMEA M3x8x6 NYLON PRETO;PÇ;1;0,58;-0,42;-42,00%;1.108.112,00;1108112;;
PRO0063;INSERTO SERRILHADO LATÃO M6x8x8;PÇ;1;1,97;0,97;97,00%;0;0;;
PRO0064;PORCA SEXTAVADA M3 NYLON PRETO ;PÇ;1;0,38;-0,62;-62,00%;1.000,00;1000;;
PRO0065;P. CAB.CHATA TORX M2-0.40X6 INOX A2 ;PÇ;1;0,6;-0,4;-40,00%;5.000,00;5000;;
PRO0066;PARAFUSO RIVIT 1.4X6,00mm HAND INOX;PÇ;1;1,3;0,3;30,00%;1.000,00;1000;;
PRO0067;PARAFUSO AA PHILLIPS ABAULADA 2,2X6,5 INOX;PÇ;1;0,66;-0,34;-34,00%;10.000,00;10000;;
PRO0068;PARAFUSO CABEÇA ABAULADA M3X0,5X6 INOX;PÇ;1;0,83;-0,17;-17,00%;100;100;;
PRO0069;PARAFUSO AA PHILLIPS CABEÇA ABAULADA 2,2x13  INOX;PÇ;1;0,66;-0,34;-34,00%;1.000,00;1000;;
PRO0070;PARAFUSO CABEÇA ABAULADA M3X0,5X8 INOX;PÇ;1;0,83;-0,17;-17,00%;1.000,00;1000;;
PRO0071;PARAFUSO CABEÇA ABAULADA M3X0,5X10 INOX;PÇ;1;0,83;-0,17;-17,00%;1.000,00;1000;;
PRO0072;PARAFUSO CABEÇA CHATA ALLEN M2X12 INOX;PÇ;1;0,66;-0,34;-34,00%;1.000,00;1000;;
PRO0073;PARAFUSO AA PHILLIPSCABEÇA ABAULADA 2,2X13 INOX;PÇ;1;0,66;-0,34;-34,00%;1.000,00;1000;;
PRO0074;PORCA SEXTAVADA M1.4 INOX;PÇ;1;0,45;-0,55;-55,00%;1.000,00;1000;;
PRO0075;PORCA SEXTAVADA M2-0,40 INOX;PÇ;1;0,27;-0,73;-73,00%;100;100;;
PRO0077;PORCA PARLOCK M3-0,50 INOX;PÇ;1;0,36;-0,64;-64,00%;1.000,00;1000;;
PRO0078;ARRUELA DE NYLON M3 PA66 PRETA;PÇ;1;0,39;-0,61;-61,00%;1.000,00;1000;;
PRO0079;ARRUELA LISA M2 INOX;PÇ;1;0,05;-0,95;-95,00%;100;100;;
PRO0080;"ARRUELA LISA 1/8"" INOX";PÇ;1;0,15;-0,85;-85,00%;1.000,00;1000;;
PRO0081;ARRUELA LISA M4;PÇ;1;0,1;-0,9;-90,00%;1.000,00;1000;;
PRO0082;PARAFUSO ALLEN CABEÇA CILI. M3X0,5X10 INOX;PÇ;1;0,6;-0,4;-40,00%;1.000,00;1000;;
PRO0083;PORCA REBITE M4 ABA FINA INOX 304;PÇ;1;1,48;0,48;48,00%;950;950;;
PRO0084;PORCA REBITE M5 ABA FINA INOX 304;PÇ;1;1,67;0,67;67,00%;900;900;;
PRO0085;PORCA REBITE M8 ABA FINA INOX 304;PÇ;1;3,12;2,12;212,00%;950;950;;
PRO0086;PARAFUSO M2.5X12 PANELA PHILLIPS INOX 304;PÇ;1;0,66;-0,34;-34,00%;1.000,00;1000;;
PRO0087;PARAFUSO M2.5X16 PANELA PHILLIPS INOX 304;PÇ;1;0,66;-0,34;-34,00%;1.000,00;1000;;
PRO0088;PORCA SEXTAVADA COMUM M2.5 INOX 304;PÇ;1;0,27;-0,73;-73,00%;1.000,00;1000;;
PRO0089;PORCA TRAVANTE M2.5X0,45 INOX 304;PÇ;1;0,39;-0,61;-61,00%;1.000,00;1000;;
PRO0090;PARAFUSO M3X20 PANELA PHILLIPS INOX 304;PÇ;1;0,57;-0,43;-43,00%;1.000,00;1000;;
PRO0091;PARAFUSO M3X25 PANELA PHILLIPS INOX 304;PÇ;1;0,62;-0,38;-38,00%;1.000,00;1000;;
PRO0092;PORCA SEXTAVADA COMUM M3 INOX 304;PÇ;1;0,25;-0,75;-75,00%;10.000,00;10000;;
PRO0093;PARAFUSO 1/8 X 1/2 CABEÇA ABAULADA FENDA INOX 304;PÇ;1;0,74;-0,26;-26,00%;10.000,00;10000;;
PRO0094;PORCA TRAVANTE 1/8  INOX 304;PÇ;1;1,43;0,43;43,00%;1;1;;
PRO0095;PARAFUSO M4X50 ALLEN CILINDRICO INOX 304;PÇ;1;1,58;0,58;58,00%;1.000,00;1000;;
PRO0096;PORCA TRAVANTE M4X0,70 INOX 304;PÇ;1;0,43;-0,57;-57,00%;1.000,00;1000;;
PRO0097;PORCA REBITE DE ROSCA M6 ABA PLANA REC. BICROMATIZADA;PÇ;1;0,55;-0,45;-45,00%;10.000,00;10000;;
PRO0098;PARAFUSO ALLEN ABAULADO M2X8X0,40 MA - INOX;PÇ;1;0,66;-0,34;-34,00%;5.000,00;5000;;
PRO0099;ARRUELA LISA M2 - INOX;PÇ;1;0,18;-0,82;-82,00%;500;500;;
PRO0100;INSERTO METÁLICO M1.2x2x2;PÇ;1;1,92;0,92;92,00%;10.000,00;10000;;
PRO0101;INSERTO METÁLICO M2x2x3;PÇ;1;0,83;-0,17;-17,00%;1.000,00;1000;;
PRO0102;PARAFUSO CABEÇA CHATA PHILLIPS M2.5X16 INOX A2;PÇ;1;0,78;-0,22;-22,00%;1.000,00;1000;;
PRO0103;PARAFUSO ALLEN CILINDRICO M2.5X16 INOX A2;PÇ;1;0,78;-0,22;-22,00%;1.000,00;1000;;
PRO0104;PARAFUSO ALLEN CILINDRICO M2.5X10 INOX A2;PÇ;1;0,78;-0,22;-22,00%;1.000,00;1000;;
PRO0105;PORCA SEXTAVADA SIMPLES M2.5X0,45 MA- INOX A2;PÇ;1;0,28;-0,72;-72,00%;1.000,00;1000;;
PRO0106;ARRUELA LISA M2.5 INOX A2;PÇ;1;0,21;-0,79;-79,00%;1.000,00;1000;;
PRO0107;Macho de Rosca Esquerda M20x2.5 HSS (UNITÁRIO);PÇ;1;165;164;16400,00%;2;2;;
PRO0108;ARRUELA M3X6X1 NYLON PA66 -  BRANCO;PÇ;1;0,5;-0,5;-50,00%;10.000,00;10000;;
PRO0109;PORCA REBITE M4 ABA PLANA INOX;PÇ;1;1,3;0,3;30,00%;1.000,00;1000;;
PRO0110;PA C. PAN. PHS  M6-1,00 X 20 MA NYLON PA66 BRC.;PÇ;1;2,87;1,87;187,00%;500;500;;
PRO0111;PO. SEXT. M6X1,00 MA NYLON PA66 BCO;PÇ;1;1,3;0,3;30,00%;500;500;;
PRO0112;FRETE JAD LOG  9/10 dias úteis ( ESTIMADO);PÇ;1;54,94;53,94;5394,00%;222;222;;
PRO0113;PORCA REBITE M3 ABA PLANA REC.  INOX A2;PÇ;1;1,37;0,37;37,00%;1.000,00;1000;;
PRO0114;PORCA REBITE M4 ABA PLANA REC.  INOX A2;PÇ;1;1,4;0,4;40,00%;1.000,00;1000;;
PRO0115;PORCA REBITE M5 ABA PLANA REC.  INOX A2;PÇ;1;1,58;0,58;58,00%;1.000,00;1000;;
PRO0116;PORCA REBITE M6 ABA PLANA REC.  INOX A2;PÇ;1;2,47;1,47;147,00%;1.000,00;1000;;
PRO0117;PORCA REBITE M8 ABA PLANA REC.  INOX A2;PÇ;1;2,98;1,98;198,00%;1.000,00;1000;;
PRO0118;PORCA REBITE M10 ABA PLANA REC.  INOX A2;PÇ;1;3,1;2,1;210,00%;1.000,00;1000;;
PRO0119;PA AUTO-ATARRAXANTE 4,2X25 C/ PANELA PHILLIPS;UN;1;0,37;-0,63;-63,00%;10.000,00;10000;;
PRO0120;PA AUTO-ATARRAXANTE 4,2X25 C/ PHATA PHILLIPS;PÇ;1;0,35;-0,65;-65,00%;1.000,00;1000;;
PRO0121;ESPAÇADOR MACHO/FÊMEA M4X20 NYLON PA66 PRETO;PÇ;1;0,97;-0,03;-3,00%;1.000,00;1000;;
PRO0122;ESPAÇADOR  M3x6x7 (sem rosca) Nylon PA66 BCO;PÇ;1;0,57;-0,43;-43,00%;20.000,00;20000;;
PRO0123;P. CAB. ABAULADA ALLEN M3X8 AÇO LIGA;PÇ;1;0,67;-0,33;-33,00%;10.000,00;10000;;
PRO0124;P. S/C ALLEN M4X6 AÇO LIGA;PÇ;1;0,54;-0,46;-46,00%;1.000,00;1000;;
PRO0125;PARAFUSO M4X10 C/ PANELA PHILLIPS NYLON PA66 PRETO;PÇ;1;1,5;0,5;50,00%;1.000,00;1000;;
PRO0126;FRETE SEDEX 4/5 DIAS ÚTEIS;PÇ;1;36,67;35,67;3567,00%;11;11;;
PRO0127;PORCA REBITE M3 ABA FINA INOX A2;PÇ;1;1,47;0,47;47,00%;800;800;;
PRO0128;PA. RM PN. C/FE PH M5-0.80MA X 35 BC;PÇ;1;0,26;-0,74;-74,00%;1.000,00;1000;;
PRO0129;PA. RM PN. C/FE PH M6-1.00MA X 30 BC;PÇ;1;0,37;-0,63;-63,00%;1.000,00;1000;;
PRO0130;POR. SEXT. M5-0.80MA ACO CL 8 BC;PÇ;1;0,09;-0,91;-91,00%;1.000,00;1000;;
PRO0131;AR. LISA M6 INOX A2;PÇ;1;0,13;-0,87;-87,00%;1.000,00;1000;;
PRO0132;AR. LISA 1/4  INOX A2;PÇ;1;0,25;-0,75;-75,00%;1.000,00;1000;;
PRO0133;P. RM CH C/ PH. M4-0.70 X 12MA INOX A2;PÇ;1;0,33;-0,67;-67,00%;1.000,00;1000;;
PRO0134;P. RM CH C/ PH. M4-0.70 X 16MA INOX A2;PÇ;1;0,39;-0,61;-61,00%;1.000,00;1000;;
PRO0135;PARAFUSO ALLEN SEM CABEÇA M3X3 INOX A2;PÇ;1;0,67;-0,33;-33,00%;1.000,00;1000;;
PRO0136;PARAFUSO ALLEN SEM CABEÇA M2.5X3 INOX A2;PÇ;1;0,67;-0,33;-33,00%;1.000,00;1000;;
PRO0137;AR. DENTADA EXT. M4 INOX A2;C;1;20;19;1900,00%;19.908,00;19908;;
PRO0138;PARAFUSO CAB. CHATA TORX M2X4 INOX A2;PÇ;1;0,58;-0,42;-42,00%;10.000,00;10000;;
PRO0139;PARAFUSO CAB. CHATA TORX M2X6 INOX A2;PÇ;1;0,58;-0,42;-42,00%;10.000,00;10000;;
PRO0140;PARAFUSO CAB. PLANA TORX M2X6 INOX A2;PÇ;1;0,58;-0,42;-42,00%;10.000,00;10000;;
PRO0141;INSERTO METÁLICO M2x2x3.5;PÇ;1;0,83;-0,17;-17,00%;190.000,00;190000;;
PRO0142;PARAFUSO CAB. PLANA TORX M2X3 INOX A2;PÇ;1;0,58;-0,42;-42,00%;10.000,00;10000;;
PRO0143;PA RM PAN. C/ PH. M8-1.25 X 25 NYLON PA66- Branco;PÇ;1;6,18;5,18;518,00%;20;20;;
PRO0144;PA RM PAN. C/ PH. M8-1.25 X 30 NYLON PA66- Branco;PÇ;1;6,47;5,47;547,00%;300;300;;
PRO0145;P. CAB. CILINDRICA SX INT. M2-0.40 X 10MA LG 12.9;PÇ;1;0,66;-0,34;-34,00%;10;10;;
PRO0146;P. CAB. CILINDRICA SX INT. M5-0.80 X 10 LG 12.9;PÇ;1;0,3;-0,7;-70,00%;100;100;;
PRO0147;P. CAB. CILINDRICA SX INT. M6-1.00 X 10 LG 12.9;PÇ;1;0,35;-0,65;-65,00%;100;100;;
PRO0148;P. CAB. CILINDRICA SX INT. M6-1.00 X 12 LG 12.9;PÇ;1;0,38;-0,62;-62,00%;100;100;;
PRO0149;P. CAB. ABAULADA SX INT. M5-0,80 X 8 LG 12.9;PÇ;1;0,6;-0,4;-40,00%;100;100;;
PRO0150;P. CAB. ABAULADA SX INT. M5-0,80 X 12 LG 12.9;PÇ;1;0,79;-0,21;-21,00%;100;100;;
PRO0151;P. CAB. ABAULADA SX INT. M8-1.25 X 12 LG 12.9;PÇ;1;1,11;0,11;11,00%;100;100;;
PRO0152;P. CAB. CHATA SX INT. M6-1.00 X 12MA LG 12.9;PÇ;1;0,48;-0,52;-52,00%;100;100;;
PRO0153;POR. SEXT. M6-1.00MA ACO CL 8 PL;PÇ;1;0,14;-0,86;-86,00%;1;1;;
PRO0154;AR. PRESSAO ME M5 FE. PL;PÇ;1;0,06;-0,94;-94,00%;100;100;;
PRO0155;PORCA REBITE COM ROSCA HSP- PLANA M6-1.00 FE. BC;PÇ;1;0,99;-0,01;-1,00%;10.000,00;10000;;
PRO0156;PORCA REBITE COM ROSCA HSP- PLANA M10-1.50 FE. BC;PÇ;1;1,58;0,58;58,00%;1.000,00;1000;;
PRO0157;P. RM CH C/ PH. M2-0.40 X 6 MA INOX A2;PÇ;1;0,67;-0,33;-33,00%;1.000,00;1000;;
PRO0158;P. CAB. CHATA TORX  M6-1.00 X 16 INOX A2;PÇ;1;2,98;1,98;198,00%;0;0;;
PRO0159;P. CAB. CHATA TORX  M8-1.25 X 16 INOX A2;PÇ;1;5,17;4,17;417,00%;0;0;;
PRO0160;FRETE SEDEX 1/2 DIAS ÚTEIS ;PÇ;1;26,8;25,8;2580,00%;100;100;;
PRO0161;ARRUELA M10X20X2 NYLON PA66 BRANCO;PÇ;1;0,95;-0,05;-5,00%;99.950,00;99950;;
PRO0162;POR. SEXT. M2-0.40MA INOX A2;PÇ;1;0,32;-0,68;-68,00%;995;995;;
PRO0163;POR. SEXT. M3-0.50MA INOX A2;PÇ;1;0,09;-0,91;-91,00%;995;995;;
PRO0164;POR. SEXT. M4-0.70MA INOX A2;PÇ;1;0,12;-0,88;-88,00%;500;500;;
PRO0165;AR. LISA M3 INOX A2;PÇ;1;0,07;-0,93;-93,00%;900;900;;
PRO0166;AR. LISA M4 INOX A2;PÇ;1;0,07;-0,93;-93,00%;1.000,00;1000;;
PRO0167;AR. LISA M5 INOX A2;PÇ;1;0,09;-0,91;-91,00%;1.000,00;1000;;
PRO0168;AR. PRESSAO M3 INOX A2;PÇ;1;0,07;-0,93;-93,00%;1.101,00;1101;;
PRO0169;AR. PRESSAO M4 INOX A2;PÇ;1;0,08;-0,92;-92,00%;500;500;;
PRO0170;AR. PRESSAO M5 INOX A2;PÇ;1;0,12;-0,88;-88,00%;1.000,00;1000;;
PRO0171;P. RM PAN. C/ PH. M3-0.50 X 6 INOX A2;PÇ;1;0,24;-0,76;-76,00%;11.106,00;11106;;
PRO0172;P. CAB. CHATA SX INT. M4-0.70 X 10MA LG 12.9;PÇ;1;0,39;-0,61;-61,00%;10.000,00;10000;;
PRO0173;P. CAB. CILINDRICA SX INT. M3-0.50 X 10MA LG 12.;PÇ;1;0,44;-0,56;-56,00%;100;100;;
PRO0174;P. CAB. CILINDRICA SX INT. M3-0.50 X 8MA LG 12.;PÇ;1;0,44;-0,56;-56,00%;1.000,00;1000;;
PRO0175;P. CAB. CILINDRICA SX INT. M3-0.50 X 6MA INOX A2;PÇ;1;0,48;-0,52;-52,00%;1.000,00;1000;;
PRO0176;P. CAB. ABAULADA SX INT. M3-0.50 X 8 LG 12.9;PÇ;1;0,38;-0,62;-62,00%;1.000,00;1000;;
PRO0177;P. CAB. ABAULADA SX INT. M5-0.80 X 12 INOX A2;PÇ;1;0,49;-0,51;-51,00%;1.000,00;1000;;
PRO0178;P. CAB. ABAULADA SX INT. M4-0.70 X 10 INOX A2;PÇ;1;0,29;-0,71;-71,00%;500;500;;
PRO0179;PORCA REBITE DE ROSCA M4 ABA PLANA SEXTAVADA BICRO.;PÇ;1;0,4;-0,6;-60,00%;100.000,00;100000;;
PRO0180;ESPAÇADOR M/F M3X6 - NYLON PA66- PRETO;PÇ;1;0,54;-0,46;-46,00%;10.000,00;10000;;
PRO0181;ESPAÇADOR M/F M3X10 - NYLON PA66- PRETO;PÇ;1;0,54;-0,46;-46,00%;1.000,00;1000;;
PRO0182;ESPAÇADOR M/F M3X15 - NYLON PA66- PRETO;PÇ;1;0,54;-0,46;-46,00%;1.000,00;1000;;
PRO0183;PA M3X6-MA CA. PANELA PHILLIPS- NYLON PA66- BRANCO;PÇ;1;0,57;-0,43;-43,00%;1.000,00;1000;;
PRO0184;PA M3X10-MA CA. PANELA PHILLIPS- NYLON PA66- BRANCO;PÇ;1;0,57;-0,43;-43,00%;1.000,00;1000;;
PRO0185;ESPAÇADOR M/F M4X12 - NYLON PA66- PRETO;PÇ;1;0,83;-0,17;-17,00%;1.000,00;1000;;
PRO0186;ESPAÇADOR M/F M4X20 - NYLON PA66- PRETO;PÇ;1;0,89;-0,11;-11,00%;1.000,00;1000;;
PRO0187;PA M4X10-MA CA. PANELA PHILLIPS- NYLON PA66- PRETO;PÇ;1;0,63;-0,37;-37,00%;1.000,00;1000;;
PRO0188;P. CAB. CHATA TORX M6-1.00 X 10 INOX A2;PÇ;1;2,95;1,95;195,00%;1.000,00;1000;;
PRO0189;P. CAB. CHATA TORX M6-1.00 X 8 INOX A2;PÇ;1;2,79;1,79;179,00%;1.000,00;1000;;
PRO0190;P. CAB. CHATA SX INT. M4-0.70 X 16 INOX A2;PÇ;1;0,38;-0,62;-62,00%;500;500;;
PRO0191;P. CAB. CHATA SX INT. M4-0.70 X 10 INOX A2;PÇ;1;0,28;-0,72;-72,00%;1.000,00;1000;;
PRO0192;P. CAB. CHATA SX INT. M3-0.50 X 16 INOX A2;PÇ;1;0,78;-0,22;-22,00%;1;1;;
PRO0193;P. CAB. CILINDRICA SX INT. M3-0.50MA X 12 INOX A2;PÇ;1;0,32;-0,68;-68,00%;199.299,00;199299;;
PRO0194;P. CAB. CILINDRICA SX INT. M3-0.50MA X 10 INOX A2;PÇ;1;0,26;-0,74;-74,00%;1;1;;
PRO0195;P. CAB. CILINDRICA SX INT. M3-0.50MA X 8 INOX A2;PÇ;1;0,26;-0,74;-74,00%;1;1;;
PRO0196;P. CAB. CILINDRICA SX INT. M3-0.50MA X 6 INOX A2;PÇ;1;0,25;-0,75;-75,00%;1;1;;
PRO0197;P. CAB. ABAULADA SX INT. M3-0.50 X 8 INOX A2;PÇ;1;0,97;-0,03;-3,00%;1.111.011,00;1111011;;
PRO0198;P. CAB. ABAULADA SX INT. M3-0.50 X 6 INOX A2;PÇ;1;0,76;-0,24;-24,00%;1;1;;
PRO0199;P. S/C SEXT. INT P. CV M3-0.50 X 4MA INOX A2;PÇ;1;0,52;-0,48;-48,00%;1;1;;
PRO0200;P. S/C SEXT. INT P. CV M2-0.40 X 3MA INOX A2;PÇ;1;0,68;-0,32;-32,00%;1;1;;
PRO0201;AR. LISA M2 INOX A2;PÇ;1;0,1;-0,9;-90,00%;1;1;;
PRO0202;POR. SEXT. M8-1.00MB INOX A2;PÇ;1;2,2;1,2;120,00%;111;111;;
PRO0203;PORCA SEXT. M3-0.50MA INOX A2;PÇ;1;0,12;-0,88;-88,00%;1.111,00;1111;;
PRO0204;P. CAB. CILINDRICA SX INT. M2-0.40MA X 4 INOX A2;PÇ;1;0,85;-0,15;-15,00%;1.111,00;1111;;
PRO0205;P. CAB. CILINDRICA SX INT. M2-0.40MA X 5 INOX A2;PÇ;1;0,92;-0,08;-8,00%;111;111;;
PRO0206;P. CAB. ABAULADA SX INT. M2-0.40 X 3 INOX A2;PÇ;1;0,85;-0,15;-15,00%;111;111;;
PRO0207;P. CAB. ABAULADA SX INT. M2-0.40 X 5 INOX A2;PÇ;1;0,85;-0,15;-15,00%;11;11;;
PRO0208;P. CAB. CILINDRICA SX INT. M10-1.50 X 50 LG 12.9;PÇ;1;3,68;2,68;268,00%;1.111,00;1111;;
PRO0209;P. CAB. CILINDRICA SX INT. M8-1.25 X 50 LG 12.9;PÇ;1;2,08;1,08;108,00%;1.111,00;1111;;
PRO0210;P. CAB. CILINDRICA SX INT. M6-1.00 X 50MA LG 12.9;PÇ;1;1,32;0,32;32,00%;111;111;;
PRO0211;. CAB. CILINDRICA SX INT. M5-0.80 X 16 LG 12.9;PÇ;1;0,47;-0,53;-53,00%;1.111,00;1111;;
PRO0212;P. CAB. CILINDRICA SX INT. M5-0.80 X 12 LG 12.9;PÇ;1;0,44;-0,56;-56,00%;111;111;;
PRO0213;P. CAB. CILINDRICA SX INT. M4-0.70 X 12MA LG 12.9;PÇ;1;0,35;-0,65;-65,00%;111;111;;
PRO0214;P. SEXT. RI M10-1.50MA X 50 8.8 EN;PÇ;1;2,1;1,1;110,00%;1.111,00;1111;;
PRO0215;P. SEXT. RI M8-1.25MA X 50 8.8 EN;PÇ;1;1,87;0,87;87,00%;1.111,00;1111;;
PRO0216;P. SEXT. RI M6-1.00MA X 80 8.8 EN;PÇ;1;2,97;1,97;197,00%;1.111,00;1111;;
PRO0217;P. SEXT. RI M5-0.80MA X 16 8.8 EN;PÇ;1;0,43;-0,57;-57,00%;111;111;;
PRO0218;P. SEXT. RI M5-0.80MA X 12 8.8 EN;PÇ;1;0,43;-0,57;-57,00%;111;111;;
PRO0219;P. SEXT. RI M4-0.70MA X 12 INOX A2;PÇ;1;0,81;-0,19;-19,00%;111;111;;
PRO0220;P. CAB. CHATA SX INT. M3-0.50 X 10MA LG 12.9;PÇ;1;0,44;-0,56;-56,00%;1.111,00;1111;;
PRO0221;P. CAB. CHATA SX INT. M4-0.70 X 8MA LG 12.9;PÇ;1;0,45;-0,55;-55,00%;111;111;;
PRO0222;P. CAB. CHATA SX INT. M6-1.00 X 20MA LG 12.9;PÇ;1;0,84;-0,16;-16,00%;111;111;;
PRO0223;P. CAB. CHATA SX INT. M8-1.25 X 20 LG 12.9;PÇ;1;1,6;0,6;60,00%;111;111;;
PRO0224;P. CAB. CHATA SX INT. M10-1.50 X 20MA LG 12.9;PÇ;1;3,2;2,2;220,00%;1.111,00;1111;;
PRO0225;AR. LISA M2 INOX A2;PÇ;1;0,2;-0,8;-80,00%;111;111;;
PRO0226;AR. LISA M2.5 INOX A2;PÇ;1;0,25;-0,75;-75,00%;11;11;;
PRO0227;AR. LISA M3 FE. PL;PÇ;1;0,06;-0,94;-94,00%;111;111;;
PRO0228;AR. LISA M4 FE. PL;PÇ;1;0,12;-0,88;-88,00%;1.111,00;1111;;
PRO0229;AR. LISA M5 FE. PL;PÇ;1;0,15;-0,85;-85,00%;111;111;;
PRO0230;AR. LISA M6 FE. PL;PÇ;1;0,2;-0,8;-80,00%;111;111;;
PRO0231;AR. LISA M10 FE. PL;PÇ;1;0,39;-0,61;-61,00%;111;111;;
PRO0232;AR. LISA M12 FE. PL;PÇ;1;0,98;-0,02;-2,00%;111;111;;
PRO0233;POR. SEXT. M2-0.40MA FE. PL;PÇ;1;0,07;-0,93;-93,00%;11;11;;
PRO0234;POR. SEXT. M3-0.50MA FE. PL;PÇ;1;0,08;-0,92;-92,00%;111;111;;
PRO0235;POR. SEXT. M4-0.70MA FE. PL;PÇ;1;0,07;-0,93;-93,00%;111;111;;
PRO0236;POR. SEXT. M5-0.80MA FE. PL;PÇ;1;0,09;-0,91;-91,00%;111;111;;
PRO0237;POR. SEXT. M6-1.00MA FE. PL;PÇ;1;0,13;-0,87;-87,00%;111;111;;
PRO0238;POR. SEXT. M8-1.25MA FE. PL;PÇ;1;0,21;-0,79;-79,00%;111;111;;
PRO0239;POR. SEXT. M10-1.50MA FE. PL;PÇ;1;0,64;-0,36;-36,00%;111;111;;
PRO0240;POR. SEXT. M12-1.75MA FE. PL;PÇ;1;0,98;-0,02;-2,00%;1.111,00;1111;;
PRO0241;POR. TRAV. BAIXA M2-0.40MA INOX A2;PÇ;1;0,93;-0,07;-7,00%;111;111;;
PRO0242;POR. TRAV. BAIXA M3-0.50MA FE. ZB;PÇ;1;0,21;-0,79;-79,00%;1.111,00;1111;;
PRO0243;POR. TRAV. BAIXA M4-0.70MA FE. ZB;PÇ;1;0,32;-0,68;-68,00%;111;111;;
PRO0244;POR. TRAV. BAIXA M5-0.80MA FE. ZB;PÇ;1;0,38;-0,62;-62,00%;111;111;;
PRO0245;POR. TRAV. BAIXA M6-1.00MA FE. ZB;PÇ;1;0,15;-0,85;-85,00%;1.111,00;1111;;
PRO0246;POR. TRAV. BAIXA M8-1.25MA FE. ZB;PÇ;1;0,54;-0,46;-46,00%;111;111;;
PRO0247;POR. TRAV. BAIXA M10-1.50MA FE. ZB;PÇ;1;1,45;0,45;45,00%;111;111;;
PRO0248;POR. TRAV. BAIXA M12-1.75MA FE. ZB;PÇ;1;1,74;0,74;74,00%;111;111;;
PRO0249;ANEL ELÁSTICO E-CLIP 19 - DIN 471 INOX A2;PÇ;1;0,58;-0,42;-42,00%;1.111,00;1111;;
PRO0250;ANEL ELÁSTICO RS 1,9 - DIN 6799 INOX A2;PÇ;1;0,09;-0,91;-91,00%;111;111;;
PRO0251;ARRUELA LISA M3 INOX A2;PÇ;1;0,05;-0,95;-95,00%;1.111,00;1111;;
PRO0252;ARRUELA LISA M10 INOX A2;PÇ;1;1,48;0,48;48,00%;1.111,00;1111;;
PRO0253;P. CAB. CILINDRICA SX INT. M2-0.40MA X 6 INOX A2;PÇ;1;0,85;-0,15;-15,00%;1.111,00;1111;;
PRO0254;P. RM CH C/ PH. M2-0.40 X 6MA INOX A2;PÇ;1;0,37;-0,63;-63,00%;111;111;;
PRO0255;P. CAB. CILINDRICA SX INT. M2-0.40MA X 8 INOX A2;PÇ;1;0,85;-0,15;-15,00%;1.111,00;1111;;
PRO0256;P. CAB. CILINDRICA SX INT. M2-0.40MA X 10 INOX A2;PÇ;1;0,89;-0,11;-11,00%;1.111,00;1111;;
PRO0257;P. S/C SEXT INT P. CN M2.5-0.45MA X 5 INOX A2;PÇ;1;0,85;-0,15;-15,00%;111;111;;
PRO0258;P. S/C SEXT INT. P. PL M3-0.50 X 5MA INOX A2;PÇ;1;0,78;-0,22;-22,00%;1.111,00;1111;;
PRO0259;P. S/C SEXT INT P. CN M3-0.50MA X 6 INOX A2;PÇ;1;0,83;-0,17;-17,00%;111;111;;
PRO0260;P. CAB. CILINDRICA SX INT. M3-0.50MA X 16 INOX A2;PÇ;1;0,29;-0,71;-71,00%;111;111;;
PRO0261;P. CAB. CILINDRICA SX INT. M3-0.50MA X 20 INOX A2;PÇ;1;0,49;-0,51;-51,00%;1.111,00;1111;;
PRO0262;P. CAB. CILINDRICA SX INT. M4-0.70MA X 12 INOX A2;PÇ;1;0,44;-0,56;-56,00%;111;111;;
PRO0263;P. CAB. CILINDRICA SX INT. M4-0.70MA X 16 INOX A2;PÇ;1;0,52;-0,48;-48,00%;111;111;;
PRO0264;P. CAB. CHATA SX INT. M5-0.80 X 8 INOX A2;PÇ;1;1,02;0,02;2,00%;111;111;;
PRO0265;P. CAB. CILINDRICA SX INT. M5-0.80MA X 12 INOX A2;PÇ;1;0,44;-0,56;-56,00%;1.111,00;1111;;
PRO0266;P. CAB. CILINDRICA SX INT. M5-0.80MA X 16 INOX A2;PÇ;1;0,76;-0,24;-24,00%;1.111,00;1111;;
PRO0267;P. CAB. CILINDRICA SX INT. M5-0.80MA X 20 INOX A2;PÇ;1;0,85;-0,15;-15,00%;111;111;;
PRO0268;P. CAB. CILINDRICA SX INT. M6-1.00MA X 12 INOX A2;PÇ;1;0,88;-0,12;-12,00%;1.111,00;1111;;
PRO0269;ANEL ELÁSTICO RS 4,00 - DIN 6799 INOX A2;PÇ;1;0,09;-0,91;-91,00%;111;111;;
PRO0270;P. CAB. CHATA SX INT. M3-0.50 X 8 INOX A2;PÇ;1;0,96;-0,04;-4,00%;111;111;;
PRO0271;POR. SEXT. M5-0.80MA INOX A2;PÇ;1;0,16;-0,84;-84,00%;11;11;;
PRO0272;POR. SEXT. M6-1.00MA INOX A2;PÇ;1;0,28;-0,72;-72,00%;111;111;;
PRO0273;POR. SEXT. M8-1.25MA INOX A2;PÇ;1;0,58;-0,42;-42,00%;111;111;;
PRO0274;P. RM PAN. C/ PH. M3-0.50 X 12 INOX A2;PÇ;1;0,18;-0,82;-82,00%;111;111;;
PRO0275;P. RM PAN. C/ PH. M4-0.70 X 12 INOX A2;PÇ;1;0,27;-0,73;-73,00%;111;111;;
PRO0276;P. RM PAN. C/ PH. M5-0.80 X 16 INOX A2;PÇ;1;0,63;-0,37;-37,00%;111;111;;
PRO0277;P. RM PAN. C/ PH. M6-1.00 X 16 INOX A2;PÇ;1;0,88;-0,12;-12,00%;111;111;;
PRO0278;P. RM PAN. C/ PH. M8-1.25 X 16 INOX A2;PÇ;1;3,06;2,06;206,00%;111;111;;
PRO0279;P. CAB. CILINDRICA SX INT. M2.5-0.45 X 10MA LG 12.9;PÇ;1;0,87;-0,13;-13,00%;111;111;;
PRO0280;Porca Rebite De Rosca M4 Sextavada Aço Bicromatizado;PÇ;1;0,38;-0,62;-62,00%;3.000,00;3000;;
PRO0281;PARAFUSO ALLEN ABAULADO M2X10X0,40 MA - INOX;PÇ;1;0,66;-0,34;-34,00%;100.000,00;100000;;
PRO0282;P. S/C SEXT INT. P. PL M3-0.50 X 3MA INOX A2;PÇ;1;0,85;-0,15;-15,00%;10.000,00;10000;;
PRO0283;P. RM PAN. C/ PH. M1.4-0.30 X 4 INOX A2;PÇ;1;1,19;0,19;19,00%;1.111,00;1111;;
PRO0284;P. RM CH C/ PH. M1.6-0.35 X 10MA INOX A2;PÇ;1;0,82;-0,18;-18,00%;1.111,00;1111;;
PRO0285;INSERTO METÁLICO M2.5x3x3.5;PÇ;1;0,78;-0,22;-22,00%;3.300,00;3300;;
PRO0286;INSERTO METÁLICO M2x3x3;PÇ;1;0,83;-0,17;-17,00%;11.111,00;11111;;
PRO0287;P. CAB. CHATA TORX M3-0.50MA X 10 INOX A2;PÇ;1;0,68;-0,32;-32,00%;2.000,00;2000;;
PRO0288;P. CAB. CHATA TORX M2.5-0.45MA X 6 INOX A2;PÇ;1;0,62;-0,38;-38,00%;40.000,00;40000;;
PRO0289;INSERTO METÁLICO M3x4x4;PÇ;1;0,62;-0,38;-38,00%;1.600,00;1600;;
PRO0290;PA. CAB. PANELA PHILLIPS M4X10 NYLON PA66- PRETO;PÇ;1;0,68;-0,32;-32,00%;1.000,00;1000;;
PRO0291;ESPAÇADOR MACHO/FÊMEA M3X15 NYLON PRETO;PÇ;1;0,62;-0,38;-38,00%;1.000,00;1000;;
PRO0292;PA. CA. PANELA PHILLIPS M4X20 NYLON PA66- BRANCO;PÇ;1;0,87;-0,13;-13,00%;111;111;;
PRO0293;ARRUELA LISA M6 - NYLON PA66 PRETO;PÇ;1;0,38;-0,62;-62,00%;1.000,00;1000;;
PRO0294;AR. LISA M10 INOX A2;PÇ;1;0,48;-0,52;-52,00%;9.950,00;9950;;
PRO0295;P. CAB. CHATA SX INT. M6-1.00 X 35 INOX A2;PÇ;1;1,1;0,1;10,00%;100;100;;
PRO0296;POR. TRAVANTE M6-1.00MA INOX A2;PÇ;1;0,39;-0,61;-61,00%;1.111,00;1111;;
PRO0297;ESPAÇADOR M/F M2x20 NYLON PA66 PRETO;PÇ;1;0,76;-0,24;-24,00%;1.000,00;1000;;
PRO0298;teste 1;PÇ;1;1;0;0,00%;1;1;;
PRO0299;PORCA REBITE M4 ABA FINA INOX A2;PÇ;1;1,55;0,55;55,00%;1;1;;
PRO0300;teste 3;PÇ;3;3;0;0,00%;3;9;;
PRO0301;teste4;PÇ;4;4;0;0,00%;4;16;;
PRO0302;teste5;PÇ;5;5;0;0,00%;5;25;;
PRO0303;teste 6;PÇ;6;6;0;0,00%;6;36;;
PRO0304;teste 7;PÇ;7;7;0;0,00%;7;49;;
PRO0305;teste 8;PÇ;8;8;0;0,00%;8;64;;
PRO0306;teste 9;PÇ;9;9;0;0,00%;9;81;;
PRO0307;teste 10;PÇ;1;1;0;0,00%;1;1;;
PRO0308;teste 11;PÇ;1;1;0;0,00%;1;1;;
PRO0309;P. CAB. ABAULADA SX INT. M3-0.50 X 10 LG12.9-CO Titânio D;PÇ;1;1,38;0,38;38,00%;1;1;;
PRO0310;P S/C SEXT. INT P. CV M4-0.70 X 25MA INOX A2;PÇ;1;4,07;3,07;307,00%;111;111;;
PRO0311;P S/C SEXT. INT P. CV M4-0.70 X 16MA INOX A2;PÇ;1;0,78;-0,22;-22,00%;1.111,00;1111;;
PRO0312;ESPAÇADOR MACHO/FÊMEA M3x15x6 NYLON PRETO;PÇ;1;0,63;-0,37;-37,00%;1.000,00;1000;;
PRO0313;P. CAB. ABAULADA SX INT. M3-0.50 X 6 LG 12.9;PÇ;1;0,32;-0,68;-68,00%;1.111,00;1111;;
PRO0314;P. CAB. ABAULADA SX INT. M3-0.50 X 10 LG 12.9;PÇ;1;0,36;-0,64;-64,00%;1.111,00;1111;;
PRO0315;P. CAB. ABAULADA SX INT. M3-0.50 X 16 LG 12.;PÇ;1;0,44;-0,56;-56,00%;111;111;;
PRO0316;P. CAB. ABAULADA SX INT. M3-0.50 X 20 LG 12.9;PÇ;1;0,97;-0,03;-3,00%;11.111,00;11111;;
PRO0317;P. CAB. ABAULADA SX INT. M5-0.80 X 8 LG 12.9;PÇ;1;0,33;-0,67;-67,00%;111;111;;
PRO0318;P. CAB. ABAULADA SX INT. M5-0.80 X 10 LG 12.9;PÇ;1;0,45;-0,55;-55,00%;1.111,00;1111;;
PRO0319;P. CAB. ABAULADA SX INT. M5-0.80 X 12 LG 12.9;PÇ;1;0,48;-0,52;-52,00%;11.111,00;11111;;
PRO0320;P. CAB. CHATA SX INT. M3-0.50 X 12MA LG 12.9;PÇ;1;0,48;-0,52;-52,00%;1.111,00;1111;;
PRO0321;P. CAB. CHATA SX INT. M5-0.80 X 10 MA LG 12.9;PÇ;1;0,45;-0,55;-55,00%;1.111,00;1111;;
PRO0322;P. CAB. CILINDRICA SX INT. M3-0.50 X 40MA LG 12.9;PÇ;1;1,1;0,1;10,00%;111;111;;
PRO0323;P. CAB. CILINDRICA SX INT. M6-1.00 X 60MA LG 12.9;PÇ;1;1,7;0,7;70,00%;1.111,00;1111;;
PRO0324;P. CAB. PAN. PH. M2-0.40 x 5 MA- Nylon PA66 PTO;PÇ;1;0,48;-0,52;-52,00%;1.111,00;1111;;
PRO0325;CORREIOS-PAC- 8/9 DIAS ÚTEIS;PÇ;1;32,4;31,4;3140,00%;111;111;;
PRO0326;MACHO DE ROSCA M1.6x0.35mm UNITARIO MANUAL HSS;PÇ;1;33,8;32,8;3280,00%;111;111;;
PRO0327;MACHO DE ROSCA M1.5x0.35mm UNITARIO MANUAL HSS;PÇ;1;33,8;32,8;3280,00%;1.111,00;1111;;
PRO0328;MACHO DE ROSCA M1.2x0.25mm UNITARIO MANUAL HSS;PÇ;1;33,8;32,8;3280,00%;111;111;;
PRO0329;MACHO DE ROSCA M1.4x0.3mm UNITARIO MANUAL HSS;PÇ;1;33,8;32,8;3280,00%;111;111;;
PRO0330;MACHO DE ROSCA M1.7x0.35mm UNITARIO MANUAL HSS;PÇ;1;33,8;32,8;3280,00%;111;111;;
PRO0331;P. CAB. ABAULADA SX INT. M3-0.50 X 30 INOX A2;PÇ;1;2,29;1,29;129,00%;1.111,00;1111;;
PRO0332;P. CAB. CHATA SX INT. M2-0.40 X 8 INOX A2;PÇ;1;0,78;-0,22;-22,00%;1.111,00;1111;;
PRO0333;P. CAB. CHATA SX INT. M2.5-0.45 X 10 INOX A2;PÇ;1;0,93;-0,07;-7,00%;111;111;;
PRO0334;P. CAB. CHATA SX INT. M2-0.40 X 16 INOX A2;PÇ;1;0,85;-0,15;-15,00%;111;111;;
PRO0335;P. CAB. CHATA SX INT. M2-0.40 X 6 INOX A2;PÇ;1;0,85;-0,15;-15,00%;111;111;;
PRO0336;P. CAB. CILINDRICA SX INT. M2.5-0.45MA X 5 INOX A2;UN;1;0,83;-0,17;-17,00%;1.111,00;1111;;
PRO0337;P. CAB. CILINDRICA SX INT. M2-0.40MA X 12 INOX A2;PÇ;1;0,87;-0,13;-13,00%;111;111;;
PRO0338;P. CAB. CILINDRICA SX INT. M2-0.40MA X 16 INOX A2;PÇ;1;0,97;-0,03;-3,00%;111;111;;
PRO0339;P. CAB. CILINDRICA SX INT. M2-0.40MA X 20 INOX A2;PÇ;1;0,98;-0,02;-2,00%;111;111;;
PRO0340;POR. TRAVANTE M2-0.40MA INOX A2;PÇ;1;0,93;-0,07;-7,00%;33;33;;
PRO0341;POR. TRAVANTE M2.5-0.45MA INOX A2;PÇ;1;0,89;-0,11;-11,00%;111;111;;
PRO0342;P. CAB. CILINDRICA SX INT. M2.5-0.45MA X 20 INOX A2;PÇ;1;2,1;1,1;110,00%;111;111;;
PRO0343;P. CAB. CILINDRICA SX INT. M2.5-0.45MA X 8 INOX A2;PÇ;1;0,87;-0,13;-13,00%;111;111;;
PRO0344;"P. CAB. CHATA SX INT. M2.5-0.45 X 20 INOX A2		";PÇ;1;0,85;-0,15;-15,00%;111;111;;
PRO0345;P. CH C/ PH. M2.5-0.45 X 10 MA NYLON PA66 PRETO;PÇ;1;1,48;0,48;48,00%;1.111,00;1111;;
PRO0346;POR. SEXT. M2.5-0.45MA NYLON PA66 PRETO;PÇ;1;0,58;-0,42;-42,00%;1.111,00;1111;;
PRO0347;POR. SEXT. M3-0.50MA NYLON PA66 PRETO;PÇ;1;0,32;-0,68;-68,00%;1.111.999,00;1111999;;
PRO0348;P. PAN. C/ PH. M3-0.50 X 6 NYLON PA66 PRETO;PÇ;1;0,58;-0,42;-42,00%;1.111,00;1111;;
PRO0349;ESPAÇADOR M/F M3X6X6 NYLON PA66 PRETO;PÇ;1;0,74;-0,26;-26,00%;1.111,00;1111;;
PRO0350;ESPAÇADOR M/F M2.5X6X6 NYLON PA66 PRETO;PÇ;1;0,74;-0,26;-26,00%;1.111,00;1111;;
PRO0351;ESPAÇADOR FÊMEA/FÊMEA M3X6 NYLON PRETO;PÇ;1;0,57;-0,43;-43,00%;1.111,00;1111;;
PRO0352;PORCA REBITE M3 ABA FINA AÇO ZINCADO;PÇ;1;0,6;-0,4;-40,00%;500;500;;
PRO0353;P. CAB. CILINDRICA SX INT. M3-0.50MA X 25 INOX A2;PÇ;1;0,96;-0,04;-4,00%;111;111;;
PRO0354;P. CAB. CILINDRICA SX INT. M4-0.70MA X 10 INOX A2;PÇ;1;0,33;-0,67;-67,00%;1.111,00;1111;;
PRO0355;P. CAB. CILINDRICA SX INT. M4-0.70MA X 20 INOX A2;PÇ;1;0,35;-0,65;-65,00%;111;111;;
PRO0356;P. CAB. CILINDRICA SX INT. M4-0.70MA X 40 INOX A2;PÇ;1;0,79;-0,21;-21,00%;1.111,00;1111;;
PRO0357;P. CAB. CILINDRICA SX INT. M5-0.80MA X 8 INOX A2;PÇ;1;0,78;-0,22;-22,00%;11.111,00;11111;;
PRO0358;P. CAB. CILINDRICA SX INT. M6-1.00MA X 25 INOX A2;PÇ;1;0,97;-0,03;-3,00%;111;111;;
PRO0359;P. CAB. CILINDRICA SX INT. M6-1.00MA X 35 INOX A2;PÇ;1;1,2;0,2;20,00%;111;111;;
PRO0360;P. CAB. CILINDRICA SX INT. M6-1.00MA X 60 INOX A2;PÇ;1;2,1;1,1;110,00%;111;111;;
PRO0361;P. CAB. CILINDRICA SX INT. M8-1.25MA X 16 INOX A2;PÇ;1;1,6;0,6;60,00%;111;111;;
PRO0362;P. CAB. CILINDRICA SX INT. M8-1.25MA X 25 INOX A2;PÇ;1;1,89;0,89;89,00%;111;111;;
PRO0363;P. CAB. CILINDRICA SX INT. M8-1.25MA X 30 INOX A2;PÇ;1;2;1;100,00%;91;91;;
PRO0364;P. CAB. CILINDRICA SX INT. M8-1.25MA X 60 INOX A2;PÇ;1;3,17;2,17;217,00%;111;111;;
PRO0365;POR. TRAVANTE M3-0.50MA INOX A2;PÇ;1;0,29;-0,71;-71,00%;110.421,00;110421;;
PRO0366;POR. TRAVANTE M4-0.70MA INOX A2;PÇ;1;0,24;-0,76;-76,00%;111;111;;
PRO0367;POR. TRAVANTE M5-0.80MA INOX A2;PÇ;1;0,3;-0,7;-70,00%;111;111;;
PRO0368;POR. TRAVANTE M8-1.25MA INOX A2;PÇ;1;0,77;-0,23;-23,00%;111;111;;
PRO0369;P. CAB. CILINDRICA SX INT. M4-0.70MA X 8 INOX A2;PÇ;1;0,34;-0,66;-66,00%;1.111,00;1111;;
PRO0370;AR. LISA M8 INOX A2;PÇ;1;0,25;-0,75;-75,00%;1.061,00;1061;;
PRO0371;P. CAB. ABAULADA SX INT. M4-0.70 X 8 INOX A2;PÇ;1;0,28;-0,72;-72,00%;199.501,00;199501;;
PRO0372;P. CAB. CILINDRICA SX INT. M5-0.80MA X 10 INOX A2;PÇ;1;0,44;-0,56;-56,00%;111;111;;
PRO0373;P. RM PAN. C/ PH. M1.4-0.35 X 6 INOX A2;PÇ;1;1,19;0,19;19,00%;33.333,00;33333;;
PRO0374;POR. SEXT. M1.4 - 0.35 INOX A2;PÇ;1;0,38;-0,62;-62,00%;222;222;;
PRO0375;Espaçador Nylon Branco M3x6x7 Sem Rosca ;PÇ;1;0,58;-0,42;-42,00%;1.000,00;1000;;
PRO0376;FRETE SEDEX 1/2 DIAS ÚTEIS;PÇ;1;15;14;1400,00%;111;111;;
PRO0377;PARAFUSO M3X20 C. PANELA PHILLIPS NYLON PA66 BRANCO;PÇ;1;0,48;-0,52;-52,00%;111;111;;
PRO0378;PARAFUSO M3X30 C/ PANELA PHILLIPS NYLON PA66 PRETO;PÇ;1;1,78;0,78;78,00%;111;111;;
PRO0379;PARAFUSO M4X20 C/ PANELA PHILLIPS NYLON PA66 PRETO;PÇ;1;1,54;0,54;54,00%;1.111,00;1111;;
PRO0380;PARAFUSO M6X20 C/ PANELA PHILLIPS NYLON PA66 BRANCO;PÇ;1;2,87;1,87;187,00%;1.111,00;1111;;
PRO0381;PARAFUSO M6X40 C/ PANELA PHILLIPS NYLON PA66 BRANCO;PÇ;1;4,98;3,98;398,00%;11.111,00;11111;;
PRO0382;PARAFUSO M4X40 C/ PANELA PHILLIPS NYLON PA66 BRANCO;PÇ;2,2;2,2;0;0,00%;1.000,00;2200;;
PRO0383;P. SEXT. RI M6-1.00MA X 50 INOX A2;PÇ;1;1,48;0,48;48,00%;1.111,00;1111;;
PRO0384;P. SEXT. RI M6-1.00MA X 30 INOX A2;PÇ;1;1,05;0,05;5,00%;111;111;;
PRO0385;P. SEXT. RI M5-0.80MA X 25 INOX A2;PÇ;1;0,73;-0,27;-27,00%;111;111;;
PRO0386;P. RM CH C/ PH. M6-1.00 X 30MA INOX A2;PÇ;1;1,07;0,07;7,00%;111;111;;
PRO0387;P. RM PAN. C/ PH. M5-0.80 X 40 INOX A2;PÇ;1;1,23;0,23;23,00%;1.111,00;1111;;
PRO0388;P. RM PAN. C/ PH. M5-0.80 X 30 INOX A2;PÇ;1;1,09;0,09;9,00%;111;111;;
PRO0389;PARAFUSO  M4X10 PANELA PHILLIPS NYLON PA-66 PRETO;PÇ;1;0,48;-0,52;-52,00%;5.000,00;5000;;
PRO0390;PARAFUSO NYLON M5X15 PANELA PHIILIPS NYLON PA66 BRANCO;PÇ;1;2,18;1,18;118,00%;1.000,00;1000;;
PRO0391;PARAFUSO NYLON M5X15 PANELA PHIILIPS NYLON PA66 PRETO;PÇ;1;2,18;1,18;118,00%;10;10;;
PRO0392;P. SEXT. M6-1.00MA X 50 NYLON PA66 PRETO;PÇ;1;6,18;5,18;518,00%;100;100;;
PRO0393;POR. SEXT. M6-1.00MA NYLON PA66 PRETO;PÇ;1;1,18;0,18;18,00%;1.000,00;1000;;
PRO0394;INSERTO METÁLICO M4x8x5;PÇ;1;0,85;-0,15;-15,00%;10.000,00;10000;;
PRO0395;INSERTO METÁLICO M5x10x7;PÇ;1;1,37;0,37;37,00%;1.000,00;1000;;
PRO0396;P. CAB. ABAULADA SX INT. M3-0.50 X 10 INOX A2;PÇ;1;0,97;-0,03;-3,00%;1.111,00;1111;;
PRO0397;P. CAB. ABAULADA SX INT. M3-0.50 X 12 INOX A2;PÇ;1;0,96;-0,04;-4,00%;1.111,00;1111;;
PRO0398;P. CAB. ABAULADA SX INT. M3-0.50 X 16 INOX A2;PÇ;1;0,62;-0,38;-38,00%;111;111;;
PRO0399;P. CAB. ABAULADA SX INT. M3-0.50 X 20 INOX A2;PÇ;1;0,99;-0,01;-1,00%;11.111,00;11111;;
PRO0400;POR. SEXT.ESQUERDA M14-2.00MA INOX A2 ;PÇ;1;19;18;1800,00%;1;1;;
PRO0401;P. CAB. CHATA SX INT. M3-0.50 X 10 INOX A2;PÇ;1;0,2;-0,8;-80,00%;1.111,00;1111;;
PRO0402;P. CAB. CHATA SX INT. M3-0.50 X 20 INOX A2;PÇ;1;1,2;0,2;20,00%;11;11;;
PRO0403;ARRUELA DE NYLON M4 PA66 PRETA;PÇ;1;0,39;-0,61;-61,00%;111;111;;
PRO0404;ARRUELA DE NYLON M5 PA66 PRETA;PÇ;1;0,42;-0,58;-58,00%;111;111;;
PRO0405;ARRUELA DE NYLON M6 PA66 PRETA;PÇ;1;0,48;-0,52;-52,00%;111;111;;
PRO0406;P. CAB. ABAULADA SX INT. M3-0.50 X 25 INOX A2;PÇ;1;1,95;0,95;95,00%;111;111;;
PRO0407;COSSINETE M2.5X0.45mm  ;PÇ;1;36,8;35,8;3580,00%;2;2;;
PRO0408;COSSINETE M1.6X0.35mm  ;PÇ;1;36,4;35,4;3540,00%;10;10;;
PRO0409;Kit 50 Inserto Metalico M4x6;PÇ;1;39;38;3800,00%;111;111;;
PRO0410;P. CAB. ABAULADA SX INT. M2-0.40 X 12 INOX A2;PÇ;1;0,89;-0,11;-11,00%;11.111,00;11111;;
PRO0411;P. CAB.CHATA TORX M2.5-0.45MA X 6 INOX A2;PÇ;0,85;0,85;0;0,00%;1.000,00;850;;
PRO0412;MACHO MANUAL UNITÁRIO DIREITO M2x0,40mm HSS;PÇ;1;30;29;2900,00%;111;111;;
PRO0413;Macho Máquina M2x0,4 Hss-e1616 Tin - Yamawa Japan;PÇ;1;32;31;3100,00%;111;111;;
PRO0414;"MACHO MANUAL UNITÁRIO DIREITO M1.4x0,30mm HSS		";PÇ;1;30;29;2900,00%;111;111;;
PRO0415;POR. SEXT.ESQUERDA M6-1.00MA INOX A2;PÇ;1;4,05;3,05;305,00%;50;50;;
PRO0416;POR. SEXT. ESQUERDA M8-1.25MA INOX A2;PÇ;1;9,7;8,7;870,00%;50;50;;
PRO0417;POR. SEXT. ESQUERDA M10-1.50MA INOX A2;PÇ;1;17,5;16,5;1650,00%;4;4;;
PRO0418;PARAFUSO TORX M1.6X10 CABEÇA CHATA INOX;PÇ;1;0,68;-0,32;-32,00%;11.111,00;11111;;
PRO0419;P. CAB. CHATA TORX M2.5-0.45MA X 16 INOX A2;PÇ;1;1,32;0,32;32,00%;11.111,00;11111;;
PRO0420;"PARAFUSO M3X10 C. PANELA PHILLIPS NYLON PA66 PRETO		";PÇ;1;0,36;-0,64;-64,00%;20.000,00;20000;;
PRO0421;ARRUELA NYLON M12;PÇ;2,8;2,8;0;0,00%;1.000,00;2800;;
PRO0422;P. CAB. CILINDRICA SX INT. M3-0.50MA X 50 INOX A2;PÇ;1;2,97;1,97;197,00%;1.111,00;1111;;
PRO0423;Espaçador Nylon Branco M3x15x7 Sem Rosca;PÇ;1;0,68;-0,32;-32,00%;162;162;;
PRO0424;P. RM PAN. C/ PH. M1-0.25 X 6 INOX A2;PÇ;1;0,98;-0,02;-2,00%;950;950;;
PRO0425;P. CAB. CILINDRICA SX INT. M3-0.50MA X 30 INOX A2;PÇ;1;1,36;0,36;36,00%;1.111,00;1111;;
PRO0426;INSERTO METÁLICO M3x6x4;PÇ;1;0,68;-0,32;-32,00%;11.111,00;11111;;
PRO0427;P. CAB. CILINDRICA SX INT. M1.4-0.3 X 5 INOX A2;PÇ;1;1,28;0,28;28,00%;1.000,00;1000;;
PRO0428;P. CAB. CILINDRICA SX INT. M1.4-0.3 X 10 INOX A2;PÇ;1;1,28;0,28;28,00%;1.111,00;1111;;
PRO0429;P. CAB. CHATA TORX M1.4-0.3 X 10 INOX A2;PÇ;1;1,28;0,28;28,00%;1.111,00;1111;;
PRO0430;P. CAB. CHATA TORX M1.4-0.3 X 5 INOX A2;PÇ;1;1,28;0,28;28,00%;111;111;;
PRO0431;POR. SEXT. M1.4-0.3 INOX A2;PÇ;1;0,28;-0,72;-72,00%;111;111;;
PRO0432;P. RM PAN. C/ PH. M1.6-0.35 X 6 INOX A2;PÇ;1;1,19;0,19;19,00%;911;911;;
PRO0433;P. RM PAN. C/ PH. M3.5-0.6 X 10 INOX A2;PÇ;1;0,39;-0,61;-61,00%;12;12;;
PRO0434;P. RM PAN. C/ PH. M3.5-0.6 X 12 INOX A2;PÇ;1;0,44;-0,56;-56,00%;30;30;;
PRO0435;P. RM PAN. C/ PH. M3.5-0.6 X 16 INOX A2;PÇ;1;0,52;-0,48;-48,00%;10;10;;
PRO0436;P. RM PAN. C/ PH. M3.5-0.6 X 20 INOX A2;PÇ;1;0,59;-0,41;-41,00%;20;20;;
PRO0437;P. RM PAN. C/ PH. M3.5-0.6 X 30 INOX A2;PÇ;1;0,72;-0,28;-28,00%;20;20;;
PRO0438;MACHO M3.5-0.6mm HSS H2 - DIREITO- PARALELO UNITÁRIO;PÇ;1;25;24;2400,00%;2;2;;
PRO0439;POR. SEXT. M8-1.25MA NYLON PA66 PTO;PÇ;1;2,32;1,32;132,00%;190;190;;
PRO0440;P. CAB. CHATA SX INT. M2-0.40 X 12 INOX A2;PÇ;1;0,83;-0,17;-17,00%;1.111,00;1111;;
PRO0441;P. CAB. CHATA SX INT. M2-0.40 X 20 INOX A2;PÇ;1;0,98;-0,02;-2,00%;11.111,00;11111;;
PRO0442;AR. PRESSAO #10 - 3/16 INOX 18.8;PÇ;1;0,09;-0,91;-91,00%;11.111,00;11111;;
PRO0443;AR. PRESSAO 1/4 INOX 18.8;PÇ;1;0,14;-0,86;-86,00%;1.111,00;1111;;
PRO0444;AR. LISA 1/4 INOX 18.8;PÇ;1;0,24;-0,76;-76,00%;1.111,00;1111;;
PRO0445;AR. PRESSAO M8 INOX A2;PÇ;1;0,15;-0,85;-85,00%;1.111,00;1111;;
PRO0446;P. CAB. ABAULADA SX INT. M5-0.80 X 16 INOX A2;PÇ;1;0,54;-0,46;-46,00%;1.111,00;1111;;
PRO0447;P. CAB. CILINDRICA SX INT. M3-0.50 X 30MA LG 12.9;PÇ;1;0,57;-0,43;-43,00%;111;111;;
PRO0448;P. RM CH. C/ PH M4-0.70 X 50 BC;PÇ;1;0,27;-0,73;-73,00%;11.111,00;11111;;
PRO0449;POR. SEXT. M4-0.70MA FE. BC;PÇ;1;0,08;-0,92;-92,00%;111;111;;
PRO0450;AR. LISA M4 FE. BC;PÇ;1;0,09;-0,91;-91,00%;111;111;;
PRO0451;AR. PRESSAO ME M4 FE. BC;PÇ;1;0,04;-0,96;-96,00%;1.111,00;1111;;
PRO0452;P. CAB. CHATA SX INT. M3-0.50 X 50 INOX A2;PÇ;1;2,87;1,87;187,00%;111;111;;
PRO0453;AR. PRESSAO ME M3 FE. PL;PÇ;1;0,04;-0,96;-96,00%;1.111,00;1111;;
PRO0454;P. CAB. ABAULADA SX INT. M4-0.70 X 16 LG 12.9;PÇ;1;0,42;-0,58;-58,00%;1.111,00;1111;;
PRO0455;P. CAB. CHATA SX INT. M3-0.50 X 30MA LG 12.9;PÇ;1;0,63;-0,37;-37,00%;111;111;;
PRO0456;P. RM PAN. C/ PH. M1.6-0.35 X 3mm - INOX A2;PÇ;1;1,07;0,07;7,00%;10.000,00;10000;;
PRO0457;P. S/C SEXT. INT P. CV M2.5-0.45 X 3MA INOX A2;PÇ;1;0,78;-0,22;-22,00%;1.111,00;1111;;
PRO0458;P. CAB. ABAULADA SX INT. M3-0.50 X 5 INOX A2;PÇ;1;1,16;0,16;16,00%;111;111;;
PRO0459;P. CAB. ABAULADA SX INT. M2-0.40 X 10 INOX A2;PÇ;1;0,89;-0,11;-11,00%;111;111;;
PRO0461;P. AA CH. C/ PH 2 X 10 A2;PÇ;1;0,59;-0,41;-41,00%;1.110,00;1110;;
PRO0462;P. CAB. CHATA SX INT. M3-0.50 X 5 INOX A2;PÇ;1;0,96;-0,04;-4,00%;1.111,00;1111;;
PRO0463;P. CAB. CHATA SX INT. M2.5-0.45 X 8 INOX A2;PÇ;1;0,93;-0,07;-7,00%;1.111,00;1111;;
PRO0464;P. S/C SEXT. INT P. CV M2.5-0.45 X 6MA INOX A2;PÇ;1;0,83;-0,17;-17,00%;1.111,00;1111;;
PRO0465;AR. LISA M12 FE. ZB;PÇ;1;0,67;-0,33;-33,00%;10.000,00;10000;;
PRO0466;AR. LISA M4 FE. ZB;PÇ;1;0,08;-0,92;-92,00%;11.111,00;11111;;
PRO0467;AR. LISA M8 FE. ZB;PÇ;1;0,39;-0,61;-61,00%;1.111,00;1111;;
PRO0468;AR. PRESSAO ME M4 FE. ZB;PÇ;1;0,06;-0,94;-94,00%;1.111,00;1111;;
PRO0469;AR. PRESSAO ME M8 FE. ZB;PÇ;1;0,16;-0,84;-84,00%;11.111,00;11111;;
PRO0470;P. SEXT. RI M8-1.25MA X 60 5.8 ZB;PÇ;1;1,15;0,15;15,00%;111;111;;
PRO0471;P. SEXT. RI M8-1.25MA X 80 5.8 ZB;PÇ;1;1,4;0,4;40,00%;1.111,00;1111;;
PRO0472;POR. TRAVANTE M12-1.75MA INOX A2;PÇ;1;2;1;100,00%;1.111,00;1111;;
PRO0473;POR. SEXT. M8-1.25 ACO CL 8 ZB;PÇ;1;0,23;-0,77;-77,00%;111;111;;
PRO0474;P. SEXT. RI M8-1.25MA X 30 8.8 ZB;PÇ;1;0,8;-0,2;-20,00%;1.111,00;1111;;
PRO0475;P. SEXT. RI M8-1.25MA X 80 8.8 ZB;PÇ;1;1,68;0,68;68,00%;111;111;;
PRO0476;P. CAB. ABAULADA SX INT. M4-0.70 X 8 LG 12.9;PÇ;1;0,38;-0,62;-62,00%;111;111;;
PRO0477;P. CAB. ABAULADA SX INT. M5-0.80 X 16 LG 12.9;PÇ;1;0,33;-0,67;-67,00%;1.111,00;1111;;
PRO0478;P. S/C SEXT. INT P. CV M3-0.50 X 5MA INOX A2;PÇ;1;0,52;-0,48;-48,00%;111;111;;
PRO0479;P. S/C SEXT. INT P. CV M3-0.50 X 6MA INOX A2;PÇ;1;0,42;-0,58;-58,00%;1.111,00;1111;;
PRO0480;P. S/C SEXT. INT P. CV M3-0.50 X 8MA INOX A2;PÇ;1;0,58;-0,42;-42,00%;1.111,00;1111;;
PRO0481;P S/C SEXT. INT P. CV M3-0.50 X 10MA INOX A2;PÇ;1;0,72;-0,28;-28,00%;111;111;;
PRO0482;P S/C SEXT. INT P. CV M3-0.50 X 16MA INOX A2;PÇ;1;2,53;1,53;153,00%;111;111;;
PRO0483;P S/C SEXT. INT P. CV M3-0.50 X 20MA INOX A2;PÇ;1;3,96;2,96;296,00%;111;111;;
PRO0484;P. CAB. ABAULADA SX INT. M4-0.70 X 20 INOX A2;PÇ;1;0,39;-0,61;-61,00%;1.111,00;1111;;
PRO0485;P. CAB. CHATA SX INT. M6-1.00 X 12 INOX A2;PÇ;1;0,58;-0,42;-42,00%;1.111,00;1111;;
PRO0486;POR. TRAVANTE 1/4-20UNC INOX 18.8;PÇ;1;0,68;-0,32;-32,00%;1.111,00;1111;;
PRO0487;FRETE SEDEX - 2/3 DIAS ÚTEIS;PÇ;31,64;17,8;-13,84;-43,74%;1;31,64;;
PRO0488;P. RM CH C/ PH. M4-0.70 X 30MA INOX A2;PÇ;1;0,54;-0,46;-46,00%;111;111;;
PRO0489;P. RM PAN. C/ PH. M4-0.70 X 25 INOX A2;PÇ;1;0,53;-0,47;-47,00%;111;111;;
PRO0490;ESPACADOR M4X6x7 S/ROSCA NYLON PA66 ;PÇ;1;0,58;-0,42;-42,00%;1.000,00;1000;;
PRO0491;REB. REPUXO 3.2 X 12 ACO / ALUMINIO;PÇ;1;0,12;-0,88;-88,00%;1.111,00;1111;;
PRO0492;P. CAB. ABAULADA SX INT. M6-1.00 X 16 INOX A2;PÇ;1;0,88;-0,12;-12,00%;1.111,00;1111;;
PRO0493;AR. PRESSAO M6 INOX A2;PÇ;1;0,12;-0,88;-88,00%;1.111,00;1111;;
PRO0494;CABO DE AÇO GALVANIZADO 1/8 - 3.2mm (P/ METRO );PÇ;1;1,78;0,78;78,00%;1.111,00;1111;;
PRO0495;GRAMPO P/ CABO DE AÇO LEVE - 03- 1/8;PÇ;1;0,9;-0,1;-10,00%;1.111,00;1111;;
PRO0496;TESTE 1111;PÇ;1;0,57;-0,43;-43,00%;1.111,00;1111;;
PRO0497;TESTE 2222;PÇ;1;1111;1110;111000,00%;111;111;;
PRO0498;ESPAÇADOR FÊMEA/FÊMEA M3X10 NYLON PRETO;PÇ;1;0,57;-0,43;-43,00%;1.111,00;1111;;
PRO0499;P. RM PAN. C/ PH. M2.5-0.45 X 12 INOX A2;PÇ;1;0,67;-0,33;-33,00%;111;111;;
PRO0500;P. RM PAN. C/ PH. M2.5-0.45 X 10 INOX A2;PÇ;1;0,79;-0,21;-21,00%;100;100;;
PRO0501;FRETE SEDEX;PÇ;1;36,45;35,45;3545,00%;1;1;;
PRO0502;P. RM CH. C/ PH M6-1.00 X 60 BC;PÇ;1;0,89;-0,11;-11,00%;111;111;;
PRO0503;P. RM PAN. C/ PH. M3-0.50 X 20 INOX A2;PÇ;1;0,47;-0,53;-53,00%;106;106;;
PRO0504;P. RM CH C/ PH. M1.6-0.35 X 6MA INOX A2;PÇ;1;0,81;-0,19;-19,00%;111;111;;
PRO0505;ESPAÇADOR FÊMEA/FÊMEA M3X15 NYLON PRETO;PÇ;1;0,59;-0,41;-41,00%;1.111,00;1111;;
PRO0506;ESPAÇADOR MACHO/FÊMEA M3x30x6 NYLON PRETO;PÇ;1;1,6;0,6;60,00%;111;111;;
PRO0507;P. CAB. CILINDRICA SX INT. M1.6-0.35MA X 16 INOX A2;PÇ;1;1,3;0,3;30,00%;10.000,00;10000;;
PRO0508;AR. PRESSAO M2.5 INOX A2;PÇ;0,18;0,19;0,01;5,56%;100;18;;
PRO0509;P. RM CH C/ PH. M3-0.50 X 16MA INOX A2;PÇ;1;0,24;-0,76;-76,00%;1.000,00;1000;;
PRO0510;P. RM PAN. C/ PH. M1.6-0.35 X 16mm - INOX A2;PÇ;1;1,19;0,19;19,00%;111;111;;
PRO0511;P. AA PN. C/ PH 2,6 x 5 INOX A2;PÇ;1;0,57;-0,43;-43,00%;1.111,00;1111;;
PRO0512;P. S/C SEXT INT P. CN M3-0.50MA X 3 MA INOX A2;PÇ;1;1,98;0,98;98,00%;11.111,00;11111;;
PRO0513;P. S/C SEXT INT. P. HD M3-0,50x3 MA INOX A2;PÇ;1;0,68;-0,32;-32,00%;1.111,00;1111;;
PRO0514;P. CAB. CHATA SX INT. M2-0.40 X 10 INOX A2;PÇ;1;0,78;-0,22;-22,00%;1.111,00;1111;;
PRO0515;CHAVE M1.5 A. LIGA;PÇ;1;1,17;0,17;17,00%;111;111;;
PRO0516;CHAVE M1.3 A. LIGA;PÇ;1;1,17;0,17;17,00%;111;111;;
PRO0517;CHAVE M0,7 A. LIGA;PÇ;1;1,38;0,38;38,00%;111;111;;
PRO0518;CHAVE M0,9 A. LIGA CROM.;PÇ;1;1,17;0,17;17,00%;111;111;;
PRO0519;AR. LISA M10x20x2 NYLON PA66 - PRETO;PÇ;1;0,95;-0,05;-5,00%;1.000,00;1000;;
PRO0520;ARRUELA M10X20X1 PVC TRANSPARENTE (SOFT);PÇ;1;0,98;-0,02;-2,00%;100;100;;
PRO0521;P. CAB. CHATA SX INT. M5-0.80 X 12 INOX A2;PÇ;1;0,48;-0,52;-52,00%;1.111,00;1111;;
PRO0522;P. CAB. CHATA SX INT. M5-0.80 X 16 INOX A2;PÇ;1;0,56;-0,44;-44,00%;11.111,00;11111;;
PRO0523;P. CAB. CILINDRICA SX INT. M6-1.00MA X 20 INOX A2;PÇ;1;1,04;0,04;4,00%;11.111,00;11111;;
PRO0524;P. AA PN. C/ PH 2.6 X 5 INOX A2;PÇ;1;0,22;-0,78;-78,00%;111;111;;
PRO0525;P. AA PN. C/ PH 2.6 X 10 INOX A2;PÇ;1;0,27;-0,73;-73,00%;1.111,00;1111;;
PRO0526;P. AA PN. C/ PH 2.6 X 16 INOX A2;PÇ;1;0,22;-0,78;-78,00%;1.111,00;1111;;
PRO0527;P. S/C SEXT INT P. CN M2-0.40MA X 3 INOX A2;PÇ;1;0,97;-0,03;-3,00%;950;950;;
PRO0528;P. S/C SEXT. INT P. CV M2-0.40 X 4MA INOX A2;PÇ;1;0,87;-0,13;-13,00%;1.500,00;1500;;
PRO0529;POR. SEXT. M2-0.40MA NYLON PA66 PRETO;PÇ;1;0,24;-0,76;-76,00%;1.000,00;1000;;
PRO0530;P. RM PAN. C/ PH. M2-0.40 X 5 NYLON PA66 PRETO;PÇ;1;0,54;-0,46;-46,00%;111;111;;
PRO0531;PARAFUSO DE TRAÇÃO REBITADOR MANUAL (SÓ PARAFUSO);PÇ;1;30;29;2900,00%;100;100;;
PRO0532;PARAFUSO M3X10 C. PANELA PHILLIPS NYLON PA66 BRANCO;PÇ;1;0,42;-0,58;-58,00%;49.511,00;49511;;
PRO0533;POR. SEXT. M3-0.50MA NYLON PA66 BRANCO;PÇ;1;0,35;-0,65;-65,00%;48.211,00;48211;;
PRO0534;ESPAÇADOR SEM ROSCA M3X10X7 ABS BRANCO;PÇ;1;0,46;-0,54;-54,00%;1.111,00;1111;;
PRO0535;P. RM PAN. C/ PH. M6-1.00 X 30 NYLON PA66 BRANCO;PÇ;1;4,72;3,72;372,00%;111;111;;
PRO0536;ESPAÇADOR SEM ROSCA M3X6X7 ABS BRANCO;PÇ;1;0,46;-0,54;-54,00%;11.111,00;11111;;
PRO0537;"P. S/C SEXT. INT P. CV M2.5-0.45 X 4MA INOX A2	";PÇ;1;0,95;-0,05;-5,00%;1.111,00;1111;;
PRO0538;"P. AA PN. C/ PH 1.4 X 4 INOX A2	";PÇ;1;0,78;-0,22;-22,00%;11.111,00;11111;;
PRO0539;P. RM CH C/ PH. M2-0.40 X 8MA INOX A2;PÇ;1;0,52;-0,48;-48,00%;1.111,00;1111;;
PRO0540;POR. SEXT. M1-0.25 INOX A2;PÇ;1;0,35;-0,65;-65,00%;1.011,00;1011;;
PRO0541;"PORCA REBITE DE ROSCA M4 ABA PLANA  BICRO.		";PÇ;1;0,4;-0,6;-60,00%;1.111,00;1111;;
PRO0542;P. S/C SEXT INT P CV M2-0.40 X 3MA A. LIGA;PÇ;1;0,68;-0,32;-32,00%;111;111;;
PRO0543;P. S/C SEXT INT. P. CV M3-0.50 X 3MA A. LIGA;PÇ;1;0,27;-0,73;-73,00%;111;111;;
PRO0544;TRANS. LOGGI 3/4 DIAS ÚTEIS ;PÇ;1;28,7;27,7;2770,00%;1;1;;
PRO0545;ESPAÇADOR NYLON M3X3X7 BRANCO;PÇ;1;0,5;-0,5;-50,00%;1.000,00;1000;;
PRO0546;ESPAÇADOR MACHO E FÊMEA M3X6 NYLON PA66 PRETO;PÇ;1;0,48;-0,52;-52,00%;1.111,00;1111;;
PRO0547;ESPAÇADOR MACHO E FÊMEA M3X10 NYLON PA66 PRETO;PÇ;1;0,48;-0,52;-52,00%;1.111,00;1111;;
PRO0548;ESPAÇADOR MACHO E FÊMEA M3X15 NYLON PA66 PRETO;PÇ;1;0,48;-0,52;-52,00%;1.111,00;1111;;
PRO0549;INSERTO METÁLICO M2x5x3;PÇ;1;0,83;-0,17;-17,00%;111;111;;
PRO0550;P. CAB. CHATA SX INT. M3-0.50 X 12 INOX A2;PÇ;1;0,28;-0,72;-72,00%;111;111;;
PRO0551;P. CAB. CHATA SX INT. M3-0.50 X 25 INOX A2;PÇ;1;1,87;0,87;87,00%;111;111;;
PRO0552;P. CAB. CHATA SX INT. M3-0.50 X 30 INOX A2;PÇ;1;2,16;1,16;116,00%;111;111;;
PRO0553;P. CAB. CHATA SX INT. M4-0.70 X 12 INOX A2;PÇ;1;0,24;-0,76;-76,00%;111;111;;
PRO0554;P. CAB. CHATA SX INT. M4-0.70 X 20 INOX A2;PÇ;11;0,33;-10,67;-97,00%;111;1221;;
PRO0555;P. CAB. CHATA SX INT. M4-0.70 X 25 INOX A2;PÇ;1;1,48;0,48;48,00%;1.111,00;1111;;
PRO0556;P. CAB. CHATA SX INT. M4-0.70 X 30 INOX A2;PÇ;1;1,56;0,56;56,00%;11;11;;
PRO0557;P. CAB. CHATA SX INT. M5-0.80 X 10 INOX A2;PÇ;1;0,33;-0,67;-67,00%;111;111;;
PRO0558;P. CAB. CHATA SX INT. M5-0.80 X 20 INOX A2;PÇ;111;0,57;-110,43;-99,49%;11;1221;;
PRO0559;P. CAB. CHATA SX INT. M5-0.80 X 25 INOX A2;PÇ;1;0,6;-0,4;-40,00%;111;111;;
PRO0560;P. CAB. CHATA SX INT. M5-0.80 X 30 INOX A2;PÇ;1;0,69;-0,31;-31,00%;11;11;;
PRO0561;P. CAB. CHATA SX INT. M5-0.80 X 35 INOX A2;PÇ;1;0,89;-0,11;-11,00%;111;111;;
PRO0562;P. CAB. CHATA SX INT. M5-0.80 X 40 INOX A2;PÇ;1;3,45;2,45;245,00%;111;111;;
PRO0563;P. CAB. CHATA SX INT. M6-1.00 X 10 INOX A2;PÇ;1;0,48;-0,52;-52,00%;111;111;;
PRO0564;P. CAB. CHATA SX INT. M6-1.00 X 16 INOX A2;PÇ;1;0,54;-0,46;-46,00%;111;111;;
PRO0565;P. CAB. CHATA SX INT. M6-1.00 X 20 INOX A2;PÇ;1;0,63;-0,37;-37,00%;111;111;;
PRO0566;P. CAB. CHATA SX INT. M6-1.00 X 25 INOX A2;PÇ;1;0,78;-0,22;-22,00%;111;111;;
PRO0567;P. CAB. CHATA SX INT. M6-1.00 X 30 INOX A2;PÇ;1;0,9;-0,1;-10,00%;111;111;;
PRO0568;P. CAB. CHATA SX INT. M6-1.00 X 40 INOX A2;PÇ;1;1,23;0,23;23,00%;111;111;;
PRO0569;P. CAB. CHATA SX INT. M6-1.00 X 50 INOX A2;PÇ;1;1,44;0,44;44,00%;111;111;;
PRO0570;P. CAB. CHATA SX INT. M6-1.00 X 60 INOX A2;PÇ;1;3,39;2,39;239,00%;11;11;;
PRO0571;P. CAB. CILINDRICA SX INT. M2-0.40MA X 14 INOX A2;PÇ;1;1,2;0,2;20,00%;111;111;;
PRO0572;P. CAB. CILINDRICA SX INT. M2-0.40MA X 25 INOX A2;PÇ;1;1,43;0,43;43,00%;1.111,00;1111;;
PRO0573;P. CAB. CILINDRICA SX INT. M2-0.40MA X 30 INOX A2;PÇ;1;2,5;1,5;150,00%;111;111;;
PRO0574;P. CAB. CILINDRICA SX INT. M2.5-0.45MA X 12 INOX A2;PÇ;1;0,87;-0,13;-13,00%;111;111;;
PRO0575;P. CAB. CILINDRICA SX INT. M2.5-0.45MA X 16 INOX A2;PÇ;1;1,17;0,17;17,00%;1.111,00;1111;;
PRO0576;P. CAB. CILINDRICA SX INT. M3-0.50MA X 35 INOX A2;PÇ;1;1,89;0,89;89,00%;111;111;;
PRO0577;P. CAB. CILINDRICA SX INT. M3-0.50MA X 40 INOX A2;PÇ;1;2,43;1,43;143,00%;111;111;;
PRO0578;P. CAB. CILINDRICA SX INT. M4-0.70MA X 25 INOX A2;PÇ;1;0,49;-0,51;-51,00%;111;111;;
PRO0579;P. CAB. CILINDRICA SX INT. M4-0.70MA X 30 INOX A2;PÇ;1;0,62;-0,38;-38,00%;611;611;;
PRO0580;P. CAB. CILINDRICA SX INT. M4-0.70MA X 35 INOX A2;PÇ;1;0,7;-0,3;-30,00%;111;111;;
PRO0581;P. CAB. CILINDRICA SX INT. M4-0.70MA X 45 INOX A2;PÇ;1;1,23;0,23;23,00%;11;11;;
PRO0582;P. CAB. CILINDRICA SX INT. M4-0.70MA X 50 INOX A2;PÇ;1;1,57;0,57;57,00%;1.111,00;1111;;
PRO0583;P. CAB. CILINDRICA SX INT. M5-0.80MA X 25 INOX A2;PÇ;1;0,66;-0,34;-34,00%;111;111;;
PRO0584;P. CAB. CILINDRICA SX INT. M5-0.80MA X 30 INOX A2;PÇ;1;0,83;-0,17;-17,00%;111;111;;
PRO0585;P. CAB. CILINDRICA SX INT. M5-0.80MA X 35 INOX A2;PÇ;1;1,2;0,2;20,00%;111;111;;
PRO0586;P. CAB. CILINDRICA SX INT. M5-0.80MA X 40 INOX A2;PÇ;1;1,29;0,29;29,00%;11;11;;
PRO0587;P. CAB. CILINDRICA SX INT. M5-0.80MA X 45 INOX A2;PÇ;1;1,6;0,6;60,00%;11;11;;
PRO0588;P. CAB. CILINDRICA SX INT. M5-0.80MA X 50 INOX A2;PÇ;1;1,64;0,64;64,00%;111;111;;
PRO0589;P. CAB. CILINDRICA SX INT. M5-0.80MA X 60 INOX A2;PÇ;1;1,89;0,89;89,00%;111;111;;
PRO0590;P. CAB. CILINDRICA SX INT. M6-1.00MA X 10 INOX A2;PÇ;1;0,6;-0,4;-40,00%;1.111,00;1111;;
PRO0591;P. CAB. CILINDRICA SX INT. M6-1.00MA X 16 INOX A2;PÇ;1;0,75;-0,25;-25,00%;111;111;;
PRO0592;P. CAB. CILINDRICA SX INT. M6-1.00MA X 30 INOX A2;PÇ;1;1,1;0,1;10,00%;111;111;;
PRO0593;P. CAB. CILINDRICA SX INT. M6-1.00MA X 40 INOX A2;PÇ;1;1,4;0,4;40,00%;111;111;;
PRO0594;P. CAB. CILINDRICA SX INT. M6-1.00MA X 45 INOX A2;PÇ;1;1,27;0,27;27,00%;11;11;;
PRO0595;P. CAB. CILINDRICA SX INT. M6-1.00MA X 50 INOX A2;PÇ;1;1,55;0,55;55,00%;111;111;;
PRO0596;P. CAB. ABAULADA SX INT. M3-0.50 X 12 LG 12.9;PÇ;1;0,25;-0,75;-75,00%;1.111,00;1111;;
PRO0597;P. CAB. ABAULADA SX INT. M3-0.50 X 16 LG 12.9;PÇ;1;0,39;-0,61;-61,00%;111;111;;
PRO0598;P. CAB. ABAULADA SX INT. M3-0.50 X 25 LG 12.9;PÇ;1;0,99;-0,01;-1,00%;111;111;;
PRO0599;INSERTO METÁLICO M1.4x2x2.3;PÇ;1;1,92;0,92;92,00%;111;111;;
PRO0600;INSERTO METÁLICO M1.6x3x2.5;PÇ;1;1,92;0,92;92,00%;111;111;;
PRO0601;INSERTO METÁLICO M3x3x4;PÇ;1;0,68;-0,32;-32,00%;111;111;;
PRO0602;INSERTO METÁLICO M3x4x5;PÇ;1;0,79;-0,21;-21,00%;111;111;;
PRO0603;INSERTO METÁLICO M3x8x4;PÇ;1;0,64;-0,36;-36,00%;11;11;;
PRO0604;INSERTO METÁLICO M3x10x4;PÇ;1;0,98;-0,02;-2,00%;111;111;;
PRO0605;INSERTO METÁLICO M4x3x5;PÇ;1;0,64;-0,36;-36,00%;111;111;;
PRO0606;INSERTO METÁLICO M4x3x6;PÇ;1;0,76;-0,24;-24,00%;1.111,00;1111;;
PRO0607;INSERTO METÁLICO M4x4x5;PÇ;1;0,64;-0,36;-36,00%;1.111,00;1111;;
PRO0608;INSERTO METÁLICO M4x10x5;PÇ;1;0,83;-0,17;-17,00%;1.111,00;1111;;
PRO0609;INSERTO METÁLICO M5x8x7;PÇ;1;1,17;0,17;17,00%;111;111;;
PRO0610;P. PAN. C/ TORX M8-1.25 X 20 INOX A2;PÇ;1;7,3;6,3;630,00%;40;40;;
PRO0611;P. CAB. CILINDRICA SX INT. M3-0.50MA X 60 INOX A2;PÇ;1;4,23;3,23;323,00%;111;111;;
PRO0612;P. RM PAN. C/ PH. M4-0.70 X 20 NYLON PA66 PRETO;PÇ;1;0,98;-0,02;-2,00%;700;700;;
PRO0613;P. SEXT. RI M8-1.25MA X 80 INOX A2;PÇ;1;4,68;3,68;368,00%;1.111,00;1111;;
PRO0614;P. CAB. ABAULADA SX INT. M6-1.00 X 20 INOX A2;PÇ;1;1,13;0,13;13,00%;111;111;;
PRO0615;AR. LISA M6 FE. ZB;PÇ;1;0,19;-0,81;-81,00%;1.111,00;1111;;
PRO0616;P. RM PAN. C/ PH. M1.6-0.35 X 12mm - INOX A2;PÇ;1;1,19;0,19;19,00%;100;100;;
PRO0617;POR. SEXT. M2.5-0.45MA INOX A2;PÇ;1;0,32;-0,68;-68,00%;111;111;;
PRO0618;P. S/C SEXT INT P. CN M4-0.70MA X 6 INOX A2;PÇ;1;0,93;-0,07;-7,00%;2.000,00;2000;;
PRO0619;PARAFUSO ALLEN POSICIONADOR M8-1.25 X 20MA A. LIGA;PÇ;1;8,76;7,76;776,00%;56;56;;
PRO0620;PARAFUSO ALLEN POSICIONADOR M8-1.25 X 16MA A. LIGA;PÇ;1;8,76;7,76;776,00%;56;56;;
PRO0621;PORCA REBITE M6 ABA FINA INOX 304;PÇ;1;2,6;1,6;160,00%;111;111;;
PRO0622;PORCA REBITE M3 CILINDRICO ABA PLANA ALUMINIO;PÇ;1;0,68;-0,32;-32,00%;111;111;;
PRO0623;PORCA REBITE M4 CILINDRICO ABA PLANA ALUMINIO;PÇ;1;0,78;-0,22;-22,00%;11;11;;
PRO0624;PORCA REBITE M10 CILINDRICO ABA PLANA ALUMINIO;PÇ;1;2,1;1,1;110,00%;20;20;;
PRO0625;ARRUELA DE NYLON M8 PA66 PRETA;PÇ;1;0,58;-0,42;-42,00%;1.000,00;1000;;
PRO0626;P. RM CH C/ PH. M2-0.40 X 16MA INOX A2;PÇ;1;0,42;-0,58;-58,00%;1.111,00;1111;;
PRO0627;P. RM PAN. C/ PH. M2-0.40 X 40 INOX A2;PÇ;1;2,97;1,97;197,00%;1.111,00;1111;;
PRO0628;P. RM PAN. C/ PH. M3-0.50 X 10 NYLON PA66 PRETO;PÇ;1;0,42;-0,58;-58,00%;7.000,00;7000;;
PRO0629;PORCA REBITE M3 CILINDRICO ABA PLANA AÇO C. ZB;PÇ;1;0,39;-0,61;-61,00%;111;111;;
PRO0630;PORCA REBITE M4 CILINDRICO ABA PLANA AÇO C. BICRO.;PÇ;1;0,48;-0,52;-52,00%;1.000,00;1000;;
PRO0631;PORCA REBITE M10 CILINDRICO ABA PLANA AÇO C. BICRO.;PÇ;1;0,97;-0,03;-3,00%;1.111,00;1111;;
PRO0632;P. CAB. ABAULADA TORX C/ PINO M3-0.50 X 10 INOX A2;PÇ;1;1,57;0,57;57,00%;140;140;;
PRO0633;P. CAB. CHATA SX INT. M2.5-0.45 X 12 INOX A2;PÇ;1;0,95;-0,05;-5,00%;111;111;;
PRO0634;P. CAB. ABAULADA TORX C/ PINO M5-0.80 X 10 INOX A2;PÇ;1;2,19;1,19;119,00%;1.111,00;1111;;
PRO0636;P. CAB. ABAULADA SX INT. M3-0.50 X 3 INOX A2;PÇ;1;1,73;0,73;73,00%;111;111;;
PRO0637;AR. DENTADA EXT. M3 INOX A2;PÇ;1;0,37;-0,63;-63,00%;1.000,00;1000;;
PRO0638;FRETE VIA PAC 7/8 DIAS ÚTEIS;PÇ;1;32,8;31,8;3180,00%;111;111;;
PRO0639;REB. REPUXO 3.2 X 10 ACO / ALUMINIO;PÇ;1;0,1;-0,9;-90,00%;1.111,00;1111;;
PRO0640;P. AA PN. C/ PH 2.2 X 14 INOX A2;PÇ;1;0,59;-0,41;-41,00%;1.111,00;1111;;
PRO0641;P. S/C SEXT. INT P. CV M4-0.70 X 4MA INOX A2;PÇ;1;0,34;-0,66;-66,00%;1.111,00;1111;;
PRO0642;P. RM PAN. C/ PH. M5-0.80 X 15 NYLON PA66 BRANCO;PÇ;1;1,97;0,97;97,00%;511;511;;
PRO0643;POR. SEXT. M5-0.80MA NYLON PA66 BRANCO;PÇ;1;0,98;-0,02;-2,00%;111;111;;
PRO0644;AR. LISA M12 INOX A2;PÇ;1;0,97;-0,03;-3,00%;111;111;;
PRO0645;P. CAB. CHATA TORX M2.5-0.45MA X 10 INOX A2;PÇ;1;0,97;-0,03;-3,00%;111;111;;
PRO0646;P. SEXT. RI M5-0.80MA X 30 INOX A2;PÇ;1;1,12;0,12;12,00%;1.111,00;1111;;
PRO0647;PA. DRYWALL CAB FL P. BR 4.2 X 16 ZB;PÇ;1;0,12;-0,88;-88,00%;11.111,00;11111;;
PRO0648;P. AA PN. C/ PH 2.9 X 9.5 INOX A2;PÇ;1;0,12;-0,88;-88,00%;50;50;;
PRO0649;"P. CAB. ABAULADA TORX  M6-1.00 X 20 INOX A2		";PÇ;1;6,13;5,13;513,00%;1.111,00;1111;;
PRO0650;P. RM PAN. C/ PH. M3-0.50 X 8 INOX A2;PÇ;1;0,27;-0,73;-73,00%;1.106,00;1106;;
PRO0651;P. RM PAN. C/ PH. M2-0.40 X 10 INOX A2;PÇ;1;0,62;-0,38;-38,00%;106;106;;
PRO0652;P. RM PAN. C/ PH. M2-0.40 X 6 INOX A2;PÇ;1;0,23;-0,77;-77,00%;1.111,00;1111;;
PRO0653;P. RM PAN. C/ PH. M2-0.40 X 8 INOX A2;PÇ;1;0,48;-0,52;-52,00%;11.111,00;11111;;
PRO0654;P. RM PAN. C/ PH. M2-0.40 X 12 INOX A2;PÇ;1;0,38;-0,62;-62,00%;111;111;;
PRO0655;P. RM PAN. C/ PH. M2-0.40 X 16 INOX A2;PÇ;1;0,52;-0,48;-48,00%;106;106;;
PRO0656;P. AA CH. C/ PH 3.9 X 13 A2;PÇ;1;0,18;-0,82;-82,00%;106;106;;
PRO0657;P. AA PN. C/ PH 3.9 X 9.5 INOX A2;PÇ;1;0,24;-0,76;-76,00%;1.106,00;1106;;
PRO0658;P. SEXT. RI M10-1.50MA X 50 NYLON PA66 PRETO;PÇ;1;7,6;6,6;660,00%;15;15;;
PRO0659;POR. SEXT. M10-1.50MA NYLON PA66 PRETO;PÇ;1;1,97;0,97;97,00%;1.111,00;1111;;
PRO0660;P. CAB. ABAULADA TORX C/ PINO M6-1.00 X 20 INOX A2;PÇ;1;6,68;5,68;568,00%;1.910,00;1910;;
PRO0662;"P. CAB. ABAULADA TORX C/ PINO M6-1.00 X 12 INOX A2	";PÇ;1;4,68;3,68;368,00%;101;101;;
PRO0663;PORCA OLHAL - DIN 582 - M12-1.75 ZB;PÇ;1;17,67;16,67;1667,00%;111;111;;
PRO0664;PORCA OLHAL - DIN 582 - M16-2.00 ZB;PÇ;1;23,8;22,8;2280,00%;111;111;;
PRO0665;"PORCA REBITE M6 SEXTAVADO ABA PLANA AÇO C. BICRO.		";PÇ;1;0,58;-0,42;-42,00%;1.111,00;1111;;
PRO0666;PORCA REBITE M5 SEXTAVADO ABA PLANA AÇO C. BICRO.;PÇ;1;0,52;-0,48;-48,00%;11.111,00;11111;;
PRO0667;PORCA REBITE M4 SEXTAVADO ABA PLANA AÇO C. BICRO.;PÇ;1;0,48;-0,52;-52,00%;1.111,00;1111;;
PRO0668;P. CAB. CILINDRICA SX INT. M3-0.50 X 12MA LG 12.9;PÇ;1;0,3;-0,7;-70,00%;111;111;;
PRO0669;P. CAB. ABAULADA SX INT. M2-0.40 X 8 INOX A2;PÇ;1;0,87;-0,13;-13,00%;1.111,00;1111;;
PRO0670;"PORCA REBITE M8 SEMI- SEXT. ABA FINA INOX 304	";PÇ;1;3,97;2,97;297,00%;91;91;;
PRO0671;P. CAB. CHATA TORX M2.5-0.45MA X 4 INOX A2;PÇ;1;0,78;-0,22;-22,00%;3.500,00;3500;;
PRO0672;P. SEXT. RI M6-1.00MA X 20 NYLON P66 PRETO;PÇ;1;4,83;3,83;383,00%;111;111;;
PRO0673;"P. CAB. CHATA TORX M2-0.40MA X 4 INOX A2		";PÇ;1;0,78;-0,22;-22,00%;30.000,00;30000;;
PRO0674;P. S/C SEXT. INT P. CV M2.5-0.45 X 3MA A. LIGA;PÇ;1;0,78;-0,22;-22,00%;1.111,00;1111;;
PRO0675;PARAFUSO M3X6 C. PANELA PHILLIPS NYLON PA66 BRANCO;PÇ;1;0,34;-0,66;-66,00%;1.111,00;1111;;
PRO0676;P. CAB. CILINDRICA SX INT. M1.6-0.35MA X 5 INOX A2;PÇ;1;1,28;0,28;28,00%;1.081,00;1081;;
PRO0677;"ESPAÇADOR MACHO/FÊMEA M3x12x6 NYLON PRETO	";PÇ;1;0,58;-0,42;-42,00%;1.000,00;1000;;
PRO0678;P. RM CH C/ PH. M5-0.80 X 10MA NYLON PA66 PRETO;PÇ;1;0,98;-0,02;-2,00%;1.111,00;1111;;
PRO0679;P. CAB. CHATA TORX M2-0.40MA X 5 INOX A2;PÇ;1;0,83;-0,17;-17,00%;1.111,00;1111;;
PRO0680;P. CAB. ABAULADA TORX M2-0.40 X 5 INOX A2;PÇ;1;0,89;-0,11;-11,00%;111;111;;
PRO0681;POR. SEXT. M10-1.50MA INOX A2;PÇ;1;1,27;0,27;27,00%;1.111,00;1111;;
PRO0682;P. CAB. CILINDRICA SX INT. M10-1.50MA X 50 INOX A2;PÇ;1;4,56;3,56;356,00%;111;111;;
PRO0683;P. S/C SEXT INT. P. PL M2.5-0.45MA X 3 INOX A2;PÇ;1;0,83;-0,17;-17,00%;111;111;;
PRO0684;P. CAB. CILINDRICA SX INT. M10-1.50 X 80 LG 12.9;PÇ;1;4,39;3,39;339,00%;1.111,00;1111;;
PRO0685;P. CAB. CILINDRICA SX INT. M10-1.50 X 120 LG 12.9;PÇ;1;6,48;5,48;548,00%;1.111,00;1111;;
PRO0686;P S/C SEXT INT. P. CV M6-1.00 X 25MA A. LIGA;PÇ;1;0,97;-0,03;-3,00%;111;111;;
PRO0687;P S/C SEXT INT. P. CV M8-1.25 X 25MA A. LIGA;PÇ;1;1,37;0,37;37,00%;111;111;;
PRO0688;P S/C SEXT INT P. CV M10-1.50 X 30MA A. LIGA;PÇ;1;2,78;1,78;178,00%;111;111;;
PRO0689;P. CAB. ABAULADA TORX M6-1.00 X 25  8.8 ZB;PÇ;1;1,63;0,63;63,00%;1.111,00;1111;;
PRO0690;"P. CAB. ABAULADA TORX  M8-1.25 X 30 INOX A2	";PÇ;1;10,5;9,5;950,00%;1.111,00;1111;;
PRO0691;P. RM PAN. C/ TORX M6-1.00 X 25 INOX A2;PÇ;1;4,74;3,74;374,00%;111;111;;
PRO0692;P. CAB. ABAULADA TORX C/ PINO M8-1.25 X 30 INOX A2;PÇ;1;12,8;11,8;1180,00%;97;97;;
PRO0693;P. SEXT. RI M14-2.00MA X 30 INOX A2;PÇ;1;8,93;7,93;793,00%;111;111;;
PRO0694;AR. LISA M14 INOX A2;PÇ;1;0,98;-0,02;-2,00%;111;111;;
PRO0695;PARAFUSO OLHAL - DIN 580 - M12-1.75 ZB;PÇ;1;19,3;18,3;1830,00%;111;111;;
PRO0696;P. RM CH. C/ PH M6-1.00 X 15 NYLON PA66 PRETO;PÇ;1;2,5;1,5;150,00%;1.111,00;1111;;
PRO0697;P. CAB. ABAULADA SX INT. M2-0.40 X 25 INOX A2;PÇ;1;1,23;0,23;23,00%;111;111;;
PRO0698;P. CAB. ABAULADA TORX C/ PINO M8-1.25 X 20 INOX A2;PÇ;1;9,76;8,76;876,00%;0;0;;
PRO0699;P. AA PN. C/ PH 2.2 X 6 INOX A2;PÇ;1;0,25;-0,75;-75,00%;2.222,00;2222;;
PRO0700;AR. LISA M6 NYLON PA66 BRANCO;PÇ;1;0,43;-0,57;-57,00%;111;111;;
PRO0701;P. AA PN. C/ PH 2.2 X 16 INOX A2;PÇ;1;0,32;-0,68;-68,00%;1.000,00;1000;;
PRO0702;P. CAB. ABAULADA TORX C/ PINO M4-0.70 X 10 INOX A2;PÇ;1;1,97;0,97;97,00%;10.000,00;10000;;
PRO0703;P. CAB. ABAULADA TORX C/ PINO M5-0.80 X 8 INOX A2;PÇ;1;2,19;1,19;119,00%;1.111,00;1111;;
PRO0704;P. CAB. ABAULADA SX INT. M5-0.80 X 25 INOX A2;PÇ;1;0,79;-0,21;-21,00%;1.111,00;1111;;
PRO0705;P. S/C SEXT. INT P. CV M2-0.40 X 2 MA INOX A2;PÇ;1;0,93;-0,07;-7,00%;1.111,00;1111;;
PRO0706;P. CAB. ABAULADA SX INT. M8-1.25 X 25 INOX A2;PÇ;1;1,83;0,83;83,00%;1.111,00;1111;;
PRO0707;P. CAB. ABAULADA SX INT. M8-1.25 X 30 INOX A2;PÇ;1;2,14;1,14;114,00%;1.111,00;1111;;
PRO0708;P. CAB. ABAULADA SX INT. M8-1.25 X 80 INOX A2;PÇ;1;12,57;11,57;1157,00%;111;111;;
PRO0709;P. CAB. CHATA SX INT. M10-1.50 X 35 INOX A2;PÇ;1;4,14;3,14;314,00%;111;111;;
PRO0710;P. SEXT. RI M6-1.00MA X 35 INOX A2;PÇ;1;1,12;0,12;12,00%;111;111;;
PRO0711;P. SEXT. RI M3-0.50MA X 25 NYLON PA66 BRANCO;PÇ;1;2,27;1,27;127,00%;111;111;;
PRO0712;P. AA PN. C/ FE 5.5 X 38 INOX A2;PÇ;1;1,27;0,27;27,00%;111;111;;
PRO0713;"P. RM CH C/ PH. M1.7-0.35 X 10MA INOX A2		";PÇ;1;0,98;-0,02;-2,00%;63;63;;
PRO0714;P. CAB. ABAULADA SX INT. M6-1.00 X 60 INOX A2;PÇ;1;3,34;2,34;234,00%;1.111,00;1111;;
PRO0715;P. RM CH C/ PH. M2-0.40 X 12MA INOX A2;PÇ;1;0,53;-0,47;-47,00%;1.111,00;1111;;
PRO0716;P. SEXT. RI M10-1.50MA X 30 NYLON PA66 BRANCO;PÇ;1;5,67;4,67;467,00%;111;111;;
PRO0717;PORCA REBITE 1/4-20 CILINDRICO ABA PLANA AÇO INOX;PÇ;1;2,52;1,52;152,00%;110.811,00;110811;;
PRO0718;MACHO DE ROSCA M5x0.50mm UNITARIO MANUAL HSS;PÇ;1;37,87;36,87;3687,00%;4;4;;
PRO0719;COSSINETE M5X0.5mm ;PÇ;1;39,45;38,45;3845,00%;1;1;;
PRO0720;P. RM CL. C/ FE M4-0.70 X 10 INOX A2;PÇ;1;0,28;-0,72;-72,00%;111;111;;
PRO0721;AR. PRESSAO ME M3 FE. BC;PÇ;1;0,03;-0,97;-97,00%;1.111,00;1111;;
PRO0722;ESPAÇADOR FÊMEA / FÊMEA M3X13 NYLON PA66 PRETO;PÇ;1;0,23;-0,77;-77,00%;50.000,00;50000;;
PRO0723;PARAFUSO CABEÇA PANELA PHILLIPS M3X10 NYLON PA66 PRETO;PÇ;1;0,2;-0,8;-80,00%;1.111,00;1111;;
PRO0724;PARAFUSO CABEÇA PANELA PHILLIPS M3X12 NYLON PA66 PRETO;PÇ;1;0,22;-0,78;-78,00%;11.111,00;11111;;
PRO0725;ESPAÇADOR SEM ROSCA M3X3X7 ABS PRETO;PÇ;1;0,27;-0,73;-73,00%;1.111,00;1111;;
PRO0726;P. CAB. CHATA SX INT. M4-0.70 X 40 INOX A2;PÇ;1;2,79;1,79;179,00%;111;111;;
PRO0727;P. CAB. CILINDRICA SX INT. M3-0.50 X 20MA LG 12.9;PÇ;1;0,39;-0,61;-61,00%;111;111;;
PRO0728;P. CAB. CILINDRICA SX INT. M4-0.70 X 25MA LG 12.9;PÇ;1;0,37;-0,63;-63,00%;111;111;;
PRO0729;P. CAB. CILINDRICA SX INT. M5-0.80 X 25 LG 12.9;PÇ;1;0,43;-0,57;-57,00%;111;111;;
PRO0730;P. CAB. CILINDRICA SX INT. M6-1.00 X 16 LG 12.9;PÇ;1;0,43;-0,57;-57,00%;11;11;;
PRO0731;P. CAB. CILINDRICA SX INT. M6-1.00 X 20 LG 12.9;PÇ;1;0,48;-0,52;-52,00%;111;111;;
PRO0732;P. CAB. CHATA SX INT. M4-0.70 X 12MA LG 12.9;PÇ;1;0,39;-0,61;-61,00%;111;111;;
PRO0733;P. SEXT. RI M3-0.50MA X 10 INOX A2;PÇ;1;1,83;0,83;83,00%;1.111,00;1111;;
PRO0734;P. SEXT. RI M3-0.50MA X 16 INOX A2;PÇ;1;2,11;1,11;111,00%;111;111;;
PRO0735;P. SEXT. RI M3-0.50MA X 20 INOX A2;PÇ;1;2,32;1,32;132,00%;11;11;;
PRO0736;P. SEXT. RI M3-0.50MA X 25 INOX A2;PÇ;1;2,58;1,58;158,00%;111;111;;
PRO0737;P. SEXT. RI M3-0.50MA X 30 INOX A2;PÇ;1;2,98;1,98;198,00%;111;111;;
PRO0738;P. SEXT. RI M4-0.70MA X 16 INOX A2;PÇ;1;0,48;-0,52;-52,00%;111;111;;
PRO0739;P. CAB. CHATA TORX M3-0.50MA X 6 INOX A2;PÇ;1;0,64;-0,36;-36,00%;500;500;;
PRO0740;P. CAB. CHATA TORX M3-0.50MA X 10 LG 12.9;PÇ;1;0,68;-0,32;-32,00%;111;111;;
PRO0741;P. CAB. CHATA TORX M3-0.50MA X 6 LG 12.9;PÇ;1;0,64;-0,36;-36,00%;111;111;;
PRO0742;PORCA SEXTAVADA - 5/8-11UNC INOX 304;PÇ;1;4,86;3,86;386,00%;111;111;;
PRO0743;ESPAÇADOR FÊMEA / FÊMEA M3X12 NYLON PA66 PRETO;PÇ;1;0,57;-0,43;-43,00%;1.000,00;1000;;
PRO0744;PARAFUSO M3X15 C. PANELA PHILLIPS NYLON PA66 BRANCO;PÇ;1;0,5;-0,5;-50,00%;1.000,00;1000;;
PRO0745;PARAFUSO CABEÇA PANELA PHILLIPS M3X12 NYLON PA66 BRANCO;PÇ;1;0,22;-0,78;-78,00%;1.000,00;1000;;
PRO0746;ESPAÇADOR SEM ROSCA M3X3X7 ABS BRANCO;PÇ;1;0,27;-0,73;-73,00%;1.000,00;1000;;
PRO0747;PA AUTO BROC. RD. TX. 6.3 X 25 ACO ZB;PÇ;1;0,49;-0,51;-51,00%;11.111,00;11111;;
PRO0748;PORCA REBITE M6 CILINDRICO ABA PLANA ZB;PÇ;1;0,28;-0,72;-72,00%;111;111;;
PRO0749;P. CAB. ABAULADA TORX M6-1.00 X 40 8.8 ZB;PÇ;1;2,13;1,13;113,00%;1.111,00;1111;;
PRO0750;Kit de Parafuso M1-M1.2-M1.4-M1.7 Rosca Soberba - 1000 peças ;PÇ;1;82,64;81,64;8164,00%;2;2;;
PRO0751;COSSINETE M4x0.7 ROSCA ESQUERDA;PÇ;1;48,45;47,45;4745,00%;5;5;;
PRO0752;P. RM CH C/ PH. M2-0.40 X 10MA INOX A2;PÇ;1;0,54;-0,46;-46,00%;1.111,00;1111;;
PRO0753;P. RM CH C/ PH. M3-0.50 X 10MA INOX A2;PÇ;1;0,1;-0,9;-90,00%;111;111;;
PRO0754;"P. RM CH C/ PH. M5-0.80 X 15MA NYLON PA66 PRETO	";PÇ;1;1,13;0,13;13,00%;111;111;;
PRO0755;P. RM CH C/ PH. M2-0.40 X 6MA NYLON PA66 PRETO ;PÇ;1;0,25;-0,75;-75,00%;111;111;;
PRO0756;P. RM CH C/ PH. M2-0.40 X 12MA NYLON PA66 PRETO ;PÇ;1;0,29;-0,71;-71,00%;111;111;;
PRO0757;P. RM CH C/ PH. M2.5-0.45 X 10MA NYLON PA66 PRETO;PÇ;1;0,31;-0,69;-69,00%;111;111;;
PRO0758;P. RM CH C/ PH. M2.5-0.45 X 15MA NYLON PA66 PRETO;PÇ;1;0,35;-0,65;-65,00%;111;111;;
PRO0759;P. RM CH C/ PH. M3-0.50 X 10MA NYLON PA66 PRETO;PÇ;1;0,39;-0,61;-61,00%;111;111;;
PRO0760;P. RM CH C/ PH. M3-0.50 X 15MA NYLON PA66 PRETO;PÇ;1;0,42;-0,58;-58,00%;111;111;;
PRO0761;P. SEXT. RI M6-1.00MA X 20 NYLON P66 BRANCO;PÇ;1;4,83;3,83;383,00%;11;11;;
PRO0762;P. CAB. CHATA TORX  M5-0.80 X 16 INOX A2;PÇ;1;2,16;1,16;116,00%;1.111,00;1111;;
PRO0763;P. CAB. CHATA TORX  M5-0.80 X 14 INOX A2;PÇ;1;2,12;1,12;112,00%;1.111,00;1111;;
PRO0764;P. S/C SEXT INT. P. PL M2.5-0.45MA X 2 INOX A2;PÇ;1;0,89;-0,11;-11,00%;1.111,00;1111;;
PRO0765;POR. BORBOLETA M8-1.25MA INOX A2 ;PÇ;1;2,59;1,59;159,00%;111;111;;
PRO0766;P. RM PAN. C/ PH. M2.5-0.45 X 6 INOX A2;PÇ;1;0,69;-0,31;-31,00%;111;111;;
PRO0767;AR. LISA M3 FE. ZB;PÇ;1;0,06;-0,94;-94,00%;11;11;;
PRO0768;P. CAB. ABAULADA TORX C/ PINO M3-0.50 X 5 INOX A2;PÇ;1;0,83;-0,17;-17,00%;11.111,00;11111;;
PRO0769;P. SEXT. RI M4-0.70MA X 50 INOX A2;PÇ;1;1,32;0,32;32,00%;111;111;;
PRO0770;P. RM CH C/ PH. M1.2-0.25 X 4MA INOX A2;PÇ;1;0,78;-0,22;-22,00%;111;111;;
PRO0771;ESPAÇADOR SEM ROSCA M3X6X7 ABS PRETO;PÇ;1;0,46;-0,54;-54,00%;5.000,00;5000;;
PRO0772;P. RM PAN. C/ PH. M4-0.70 X 8 NYLON PA66 PRETO;PÇ;1;0,49;-0,51;-51,00%;111;111;;
PRO0773;P. RM PAN. C/ PH. M5-0.80 X 10 NYLON PA66 PRETO;PÇ;1;1,13;0,13;13,00%;1.111,00;1111;;
PRO0774;P. RM PAN. C/ PH. M4-0.70 X 10 NYLON PA66 PRETO;PÇ;1;0,92;-0,08;-8,00%;111;111;;
PRO0775;FRETE SEDEX 3-4 DIAS ÚTEIS;PÇ;1;34,5;33,5;3350,00%;2;2;;
PRO0776;COSSINETE M1.2X0.25mm;PÇ;1;36,4;35,4;3540,00%;11;11;;
PRO0777;COSSINETE M1.4X0.35mm;PÇ;1;36,4;35,4;3540,00%;11;11;;
PRO0778;REB. REPUXO 4.8 X 10.0 ACO / ALUMINIO;PÇ;1;0,21;-0,79;-79,00%;111;111;;
PRO0779;P. AA CH. C/ PH 2.9 X 9.5 A2;PÇ;1;0,12;-0,88;-88,00%;1.111,00;1111;;
PRO0780;AR. LISA M3 INOX A2 (Grossa);PÇ;1;0,12;-0,88;-88,00%;111;111;;
PRO0781;P. CAB. CILINDRICA SX INT. M2-0.40MA X 3 INOX A2;PÇ;1;0,87;-0,13;-13,00%;1.111,00;1111;;
PRO0782;P. AA CAB. ABAULADA TORX C/ PINO  3.5 X 10 INOX A2;PÇ;1;0,85;-0,15;-15,00%;5.000,00;5000;;
PRO0783;P. RM PAN. C/ PH. M3-0.50 X 16 INOX A2;PÇ;1;0,27;-0,73;-73,00%;1.111,00;1111;;
PRO0784;P. AA PN. C/ TORX 4.8 X 16 INOX A2;PÇ;1;0,59;-0,41;-41,00%;111;111;;
PRO0785;P. AA PN. C/ TORX 3.9 X 9.5 INOX A2;PÇ;1;0,54;-0,46;-46,00%;11.111,00;11111;;
PRO0786;P. RM PAN. C/ TORX M3-0.50 X 10 INOX A2;PÇ;1;0,78;-0,22;-22,00%;111;111;;
PRO0787;P. RM PAN. C/ TORX M3-0.50 X 6 INOX A2;PÇ;1;0,89;-0,11;-11,00%;111;111;;
PRO0788;P. RM PAN. C/ TORX M3-0.50 X 8 INOX A2;PÇ;1;0,76;-0,24;-24,00%;111;111;;
PRO0789;P. RM PAN. C/ TORX M3-0.50 X 20 INOX A2;PÇ;1;1,27;0,27;27,00%;1.111,00;1111;;
PRO0790;P. RM PAN. C/ TORX M4-0.70 X 6 INOX A2;PÇ;1;0,97;-0,03;-3,00%;1.111,00;1111;;
PRO0791;"P. RM PAN. C/ TORX M2.5-0.45 X 6 INOX A2		";PÇ;1;0,87;-0,13;-13,00%;111;111;;
PRO0792;"P. RM PAN. C/ TORX M4-0.70 X 10 INOX A2		";PÇ;1;1,03;0,03;3,00%;111;111;;
PRO0793;P. AA PN. C/ TORX 3,0 X 20 INOX A2;PÇ;1;0,67;-0,33;-33,00%;111;111;;
PRO0794;P. RM PN. FE. CROMADO PH M2-0.40MA;PÇ;1;0,23;-0,77;-77,00%;111;111;;
PRO0795;P. CAB. CILINDRICA SX INT. M1.6-0.35MA X 20 INOX A2;PÇ;1;1,47;0,47;47,00%;1.111,00;1111;;
PRO0796;Frete: SEDEX 3 a 4 dias úteis;PÇ;1;37,3;36,3;3630,00%;111;111;;
PRO0797;ESPAÇADOR ANTI VIBRAÇÃO CONTROL. VOO  M3 x 7 + 4.5mm;PÇ;1;3,57;2,57;257,00%;1.111,00;1111;;
PRO0798;P. RM CH. C/ PH M6-1.00 X 10 NYLON PA66 PRETO;PÇ;1;2,5;1,5;150,00%;100;100;;
PRO0799;P. RM PAN. C/ PH. M2-0.40 X 5 INOX A2;PÇ;1;0,39;-0,61;-61,00%;1.111,00;1111;;
PRO0800;P. CAB. CHATA SX INT. M2-0.40 X 8MA LG 12.9;PÇ;1;0,81;-0,19;-19,00%;111;111;;
PRO0801;P. CAB. CHATA SX INT. M3-0.50 X 8MA LG 12.9;PÇ;1;0,57;-0,43;-43,00%;1.111,00;1111;;
PRO0802;P. CAB. CHATA SX INT. M2-0.40 X 20MA LG 12.9;PÇ;1;0,89;-0,11;-11,00%;111;111;;
PRO0803;P. CAB. CHATA SX INT. M3-0.50 X 6MA LG 12.9;PÇ;1;0,58;-0,42;-42,00%;111;111;;
PRO0804;P. AA CH. C/ PH 2.2 X 6 A2;PÇ;1;0,29;-0,71;-71,00%;111;111;;
PRO0805;"P. AA CH. C/ PH 2.2 X 9.5 A2		";PÇ;1;0,32;-0,68;-68,00%;111;111;;
PRO0806;P. S/C SEXT. INT P. CV M5-0.80 X 5MA INOX A2;PÇ;1;0,23;-0,77;-77,00%;111;111;;
PRO0807;P. CAB. CILINDRICA SX INT. M16-2.00MA X 45 INOX A2;PÇ;1;13,98;12,98;1298,00%;111;111;;
PRO0808;P S/C SEXT. INT P. CV M5-0.80 X 10MA INOX A2;PÇ;1;0,37;-0,63;-63,00%;111;111;;
PRO0809;AR. LISA M20 INOX A2;PÇ;1;2,34;1,34;134,00%;111;111;;
PRO0810;AR. LISA M16 INOX A2;PÇ;1;1,44;0,44;44,00%;111;111;;
PRO0811;AR. PRESSAO M20 INOX A2;PÇ;1;1,98;0,98;98,00%;1.111,00;1111;;
PRO0812;AR. PRESSAO M16 INOX A2;PÇ;1;1,2;0,2;20,00%;111;111;;
PRO0813;AR. PRESSAO M10 INOX A2;PÇ;1;0,3;-0,7;-70,00%;111;111;;
PRO0814;POR. TRAVANTE M20-2.50MA INOX A2;PÇ;1;15,23;14,23;1423,00%;111;111;;
PRO0815;POR. TRAVANTE M16-2.00MA INOX A2;PÇ;1;5,45;4,45;445,00%;111;111;;
PRO0816;POR. TRAVANTE M10-1.50MA INOX A2;PÇ;1;1,5;0,5;50,00%;1.111,00;1111;;
PRO0817;P. CAB. ABAULADA SX INT. M4-0.70 X 16 INOX A2;PÇ;1;0,39;-0,61;-61,00%;611;611;;
PRO0818;"P. AA PN. C/ PH 1.7 X 8 INOX A2	";PÇ;1;0,78;-0,22;-22,00%;111;111;;
PRO0819;P. AA PN. C/ TORX 2.6 X 6 INOX A2;PÇ;1;0,49;-0,51;-51,00%;1.111,00;1111;;
PRO0820;"P. CAB. CHATA TORX M2.5-0.45MA X 8 INOX A2		";PÇ;1;0,73;-0,27;-27,00%;111;111;;
PRO0821;P. AA PN. C/ TORX 2.9 X 10 INOX A2;PÇ;1;0,57;-0,43;-43,00%;1.111,00;1111;;
PRO0822;P. RM PAN. C/ PH. M4-0.70 X 10 INOX A2;PÇ;1;0,25;-0,75;-75,00%;1.111,00;1111;;
PRO0823;P. S/C SEXT. INT P. PL M2-0.40 X 2 MA INOX A2;PÇ;1;0,93;-0,07;-7,00%;1.111,00;1111;;
PRO0824;P. AA PN. C/ PH 2.2 X 10 INOX A2;PÇ;1;0,27;-0,73;-73,00%;111;111;;
PRO0825;P. RM PAN. C/ TORX M5-0.80 X 20 INOX A2;PÇ;1;2,58;1,58;158,00%;1.111,00;1111;;
PRO0826;P. CAB. CHATA TORX M5-0.80 X 20 INOX A2;PÇ;1;3,2;2,2;220,00%;111;111;;
PRO0827;P. RM CH C/ PH. M2-0.40 X 4MA INOX A2;PÇ;1;0,42;-0,58;-58,00%;1.111,00;1111;;
PRO0828;P. S/C SEXT. INT P. PL M2.5-0.45 X 3MA INOX A2;PÇ;1;0,83;-0,17;-17,00%;1.111,00;1111;;
PRO0829;"P. S/C SEXT. INT P. PL M2-0.40 X 3MA INOX A2		";PÇ;1;0,92;-0,08;-8,00%;1.111,00;1111;;
PRO0830;POR. SEXT. M3.5-0.60 INOX A2;PÇ;1;0,93;-0,07;-7,00%;65;65;;
PRO0831;P. CAB. CILINDRICA SX INT. M6-1.00 X 50 LG 12.9;PÇ;1;0,96;-0,04;-4,00%;111;111;;
PRO0832;P. CAB. CILINDRICA SX INT. M6-1.00 X 35 LG 12.9;PÇ;1;0,58;-0,42;-42,00%;111;111;;
PRO0833;P. RM CH. C/ PH M3-0.50 X 6 ZINC. PRETO;PÇ;1;0,1;-0,9;-90,00%;111;111;;
PRO0834;P. RM PAN. C/ PH. M2.5-0.45 X 6 ZINC. BRANCO;PÇ;1;0,13;-0,87;-87,00%;1.111,00;1111;;
PRO0835;P. RM CH. C/ FE. M8-1.25 X 35MA INOX A2;PÇ;1;3,57;2,57;257,00%;111;111;;
PRO0836;P. RM CH. C/ FE. M8-1.25 X 40MA INOX A2;PÇ;1;3,78;2,78;278,00%;111;111;;
PRO0837;REB. REPUXO 4.0 X 12 ACO / ACO ZB;PÇ;1;0,49;-0,51;-51,00%;1.111,00;1111;;
PRO0838;P. CAB. CHATA SX INT. M4-0.70 X 20MA LG 12.9;PÇ;1;0,3;-0,7;-70,00%;111;111;;
PRO0839;P. CAB. CILINDRICA SX INT. M3-0.50 X 10MA LG 12.9;PÇ;1;0,3;-0,7;-70,00%;11;11;;
PRO0840;P. CAB. CILINDRICA SX INT. M3-0.50 X 16MA LG 12.9;PÇ;1;0,33;-0,67;-67,00%;111;111;;
PRO0841;P. CAB. CILINDRICA SX INT. M3-0.50 X 25MA LG 12.9;PÇ;1;0,48;-0,52;-52,00%;11;11;;
PRO0842;P S/C SEXT. INT P. CV M4-0.70 X 20MA INOX A2;PÇ;1;4,83;3,83;383,00%;111;111;;
PRO0843;P S/C SEXT. INT P. CV M5-0.80 X 16MA INOX A2;PÇ;1;0,92;-0,08;-8,00%;111;111;;
PRO0844;P S/C SEXT. INT P. CV M6-1.00 X 20MA INOX A2;PÇ;1;1,12;0,12;12,00%;111;111;;
PRO0845;"P. RM PAN. C/ PH. M4-0.70 X 15 NYLON PA66 PRETO		";PÇ;1;1,12;0,12;12,00%;511;511;;
PRO0846;P. SEXT. RI M10-1.50MA X 50 R. ESQUERDA INOX A2;PÇ;1;17,32;16,32;1632,00%;25;25;;
PRO0847;FRETE VIA LATAM 8 A 9 DIAS ÚTEIS (ESTIMATIVA);PÇ;1;28,12;27,12;2712,00%;111;111;;
PRO0848;AR. LISA M8 FE. PL;PÇ;1;0,24;-0,76;-76,00%;111;111;;
PRO0849;AR. PRESSAO ME M12 FE. ZB;PÇ;1;0,51;-0,49;-49,00%;111;111;;
PRO0850;AR. LISA M14 FE. ZB;PÇ;1;0,97;-0,03;-3,00%;11.111,00;11111;;
PRO0851;P. SEXT. RI M6-1.00MA X 20 8.8 ZB;PÇ;1;0,39;-0,61;-61,00%;1.111,00;1111;;
PRO0852;P. SEXT. RI M8-1.25MA X 20 8.8 ZB;PÇ;1;0,81;-0,19;-19,00%;111;111;;
PRO0853;P. SEXT. RI M10-1.50MA X 40 8.8 ZB;PÇ;1;1,8;0,8;80,00%;1.111,00;1111;;
PRO0854;P. SEXT. RI M8-1.25MA X 35 8.8 ZB;PÇ;1;1,02;0,02;2,00%;1.111,00;1111;;
PRO0855;P. SEXT. RI M8-1.25MA X 55 8.8 ZB;PÇ;1;1,71;0,71;71,00%;1.111,00;1111;;
PRO0856;P. SEXT. RI M8-1.25MA X 45 8.8 ZB;PÇ;1;1,67;0,67;67,00%;1.111,00;1111;;
PRO0857;P. SEXT. RI M8-1.25MA X 65 8.8 ZB;PÇ;111;2,1;-108,9;-98,11%;111;12321;;
PRO0858;P. SEXT. RI M14-2.00MA X 80 8.8 ZB;PÇ;1;7,5;6,5;650,00%;111;111;;
PRO0859;P. SEXT. RI M10-1.50MA X 65 8.8 ZB;PÇ;1;3,12;2,12;212,00%;1.111,00;1111;;
PRO0860;PORCA REBITE M6 SEXTAVADO ABA PLANA AÇO C. ZB;PÇ;1;0,58;-0,42;-42,00%;1.111,00;1111;;
PRO0861;"PORCA REBITE M4 SEXTAVADO ABA PLANA AÇO C. ZB		";PÇ;1;0,48;-0,52;-52,00%;111;111;;
PRO0862;"PORCA REBITE M8 SEXTAVADO ABA PLANA AÇO C. ZB		";PÇ;1;0,78;-0,22;-22,00%;111;111;;
PRO0863;"PORCA REBITE M6 CILINDRICO ABA CÔNICA AÇO C. BICRO.		";PÇ;1;0,58;-0,42;-42,00%;111;111;;
PRO0864;POR. TRAV. ALTA - M12-1.75MA ZB CL8;PÇ;1;1,23;0,23;23,00%;111;111;;
PRO0865;POR. TRAV. BAIXA M14-2.00MA FE. ZB;PÇ;1;1,57;0,57;57,00%;1.111,00;1111;;
PRO0866;POR. SEXT. M10-1.50 ACO CL 8 ZB;PÇ;1;0,57;-0,43;-43,00%;111;111;;
PRO0867;P. RM PAN. C/ PH. M2-0.40 X 12 ZINC. PRETO;PÇ;1;0,18;-0,82;-82,00%;1.111,00;1111;;
PRO0868;AR. PRESSAO ME M6 FE. ZB;PÇ;1;0,1;-0,9;-90,00%;111;111;;
PRO0869;P. RM CH C/ PH. M3-0.50 X 6MA ZP;PÇ;1;0,16;-0,84;-84,00%;111;111;;
PRO0870;P. SEXT. RI M6-1.00MA X 16 5.8 ZB;PÇ;1;0,27;-0,73;-73,00%;111;111;;
PRO0871;POR. TRAV. ALTA - 5/16-18UNC ZB GR2;PÇ;1;0,29;-0,71;-71,00%;1.000,00;1000;;
PRO0872;AR. LISA 5/16 FE. ZB;PÇ;1;0,17;-0,83;-83,00%;111;111;;
PRO0873;POR. SEXT. M16-2.00MA FE. ZB;PÇ;1;1,59;0,59;59,00%;1.111,00;1111;;
PRO0874;P. AA PN. C/ PH 2.9 X 6.5 ZB;PÇ;1;0,06;-0,94;-94,00%;111;111;;
PRO0875;P. SEXT. RI 5/16-18UNC X 1-1/2 G2 ZB;PÇ;1;0,87;-0,13;-13,00%;1.111,00;1111;;
PRO0876;P. AA SX. ARR. C/ FE. 6.3 X 16 ZB;PÇ;1;0,48;-0,52;-52,00%;111;111;;
PRO0877;PA AUTO BROC. RD. TX. 6.3 X 25 INOX A2;PÇ;1;4,97;3,97;397,00%;111;111;;
PRO0878;P. CAB. ABAULADA TORX C/ PINO M4-0.70 X 16 INOX A2;PÇ;1;2,04;1,04;104,00%;1.111,00;1111;;
PRO0879;P. CAB. CHATA TORX M5-0.80 X 16 INOX A2;PÇ;1;2,95;1,95;195,00%;500;500;;
PRO0880;P. CAB. CILINDRICA SX INT. M8-1.25 X 45 LG 12.9;PÇ;1;1,35;0,35;35,00%;190;190;;
PRO0881;P. RM CH C/ PH. M3-0.50 X 6MA INOX A2;PÇ;1;0,13;-0,87;-87,00%;1.111,00;1111;;
PRO0882;P. RM CH C/ PH. M3-0.50 X 6MA NYLON PA66 PRETO;PÇ;1;0,39;-0,61;-61,00%;1.111,00;1111;;
PRO0883;ESPAÇADOR SEM ROSCA M3X15X7 ABS BRANCO;PÇ;1;0,53;-0,47;-47,00%;1.111,00;1111;;
PRO0884;INSERTO METÁLICO M6x15x8;PÇ;1;1,93;0,93;93,00%;1.111,00;1111;;
PRO0885;P. CAB. ABAULADA TORX C/ PINO M6-1.00 X 30 INOX A2;PÇ;1;9,12;8,12;812,00%;0;0;;
PRO0886;"ESPAÇADOR FÊMEA/FÊMEA M3X25 NYLON PRETO		";PÇ;1;1,13;0,13;13,00%;1.000,00;1000;;
PRO0887;P. CAB. CHATA TORX M5-0.80 X 25 INOX A2;PÇ;1;3,37;2,37;237,00%;111;111;;
PRO0888;P. CAB. CHATA TORX M6-1.00 X 16 INOX A2;PÇ;1;3,18;2,18;218,00%;1.111,00;1111;;
PRO0889;P. CAB. CHATA TORX M6-1.00 X 25 INOX A2;PÇ;1;3,97;2,97;297,00%;111;111;;
PRO0890;P. CAB. CHATA TORX M6-1.00 X 20 INOX A2;PÇ;1;3,89;2,89;289,00%;1.111,00;1111;;
PRO0891;P. RM PAN. C/ TORX M6-1.00 X 16 INOX A2;PÇ;1;3,66;2,66;266,00%;111;111;;
PRO0892;P. RM PAN. C/ TORX M6-1.00 X 16 INOX A2;PÇ;1;2,64;1,64;164,00%;11;11;;
PRO0893;P. PAN. C/ TORX M6-1.00 X 10 INOX A2;PÇ;1;2,83;1,83;183,00%;111;111;;
PRO0894;"P. S/C SEXT INT. P. PL M2-0.40MA X 3 INOX A2	";PÇ;1;0,89;-0,11;-11,00%;1.111,00;1111;;
PRO0895;P. S/C SEXT INT. P. PL M2-0.40MA X 12 INOX A2;PÇ;1;0,97;-0,03;-3,00%;1.111,00;1111;;
PRO0896;P. S/C SEXT. INT P. CV M2-0.40 X 10 MA INOX A2;PÇ;1;1,1;0,1;10,00%;111.111,00;111111;;
PRO0897;P. S/C SEXT INT P. CN M8-1.25MA X 10 INOX A2;PÇ;1;1,2;0,2;20,00%;1.111,00;1111;;
PRO0898;POR. CALOTA M5-0.80MA INOX A2;PÇ;1;0,42;-0,58;-58,00%;1.111,00;1111;;
PRO0899;P. SEXT. RI M10-1.50MA X 50 NYLON PA66 BRANCO;PÇ;1;7,3;6,3;630,00%;1.061,00;1061;;
PRO0900;P. CAB. CHATA TORX M8-1.25 X 16 INOX A2;PÇ;1;5,83;4,83;483,00%;1.111,00;1111;;
PRO0901;P. CAB. CHATA TORX M8-1.25 X 20 INOX A2;PÇ;1;6,37;5,37;537,00%;111;111;;
PRO0902;P. CAB. CHATA TORX M8-1.25 X 30 INOX A2;PÇ;1;7,97;6,97;697,00%;111;111;;
PRO0903;P. CAB. CHATA TORX M8-1.25 X 12 INOX A2;PÇ;1;4,93;3,93;393,00%;111;111;;
PRO0904;INSERTO METÁLICO SERRILHADO M6X6X8 - LATÃO;PÇ;1;1,97;0,97;97,00%;1.111,00;1111;;
PRO0905;P. CAB. ABAULADA SX INT. M2-0.40 X 6 INOX A2;PÇ;1;0,87;-0,13;-13,00%;1.111,00;1111;;
PRO0906;ESPAÇADOR SEM ROSCA M5x7x9 ABS BRANCO;PÇ;1;0,35;-0,65;-65,00%;2.000,00;2000;;
PRO0907;BUCHA DE NYLON TW608 NYLON PA66 PRETO;PÇ;1;0,59;-0,41;-41,00%;1.000,00;1000;;
PRO0908;PARAFUSO DE TRAÇÃO REBITADEIRA DE ROSCA M3;PÇ;1;70;69;6900,00%;100;100;;
PRO0909;PARAFUSO DE TRAÇÃO REBITADEIRA DE ROSCA M4;PÇ;1;70;69;6900,00%;10;10;;
PRO0910;PARAFUSO DE TRAÇÃO REBITADEIRA DE ROSCA M5;PÇ;1;70;69;6900,00%;10;10;;
PRO0911;PARAFUSO DE TRAÇÃO REBITADEIRA DE ROSCA M6;PÇ;1;70;69;6900,00%;10;10;;
PRO0912;PARAFUSO DE TRAÇÃO REBITADEIRA DE ROSCA M8;PÇ;1;70;69;6900,00%;10;10;;
PRO0913;PARAFUSO DE TRAÇÃO REBITADEIRA DE ROSCA M10;PÇ;1;70;69;6900,00%;10;10;;
PRO0914;MACHO DE ROSCA M1.8x0.35mm UNITARIO MANUAL HSS;PÇ;1;33,8;32,8;3280,00%;1.111,00;1111;;
PRO0915;P. CAB. ABAULADA TORX C/ PINO M6-1.00 X 40 INOX A2;PÇ;1;10,93;9,93;993,00%;1.111,00;1111;;
PRO0916;ESPAÇADOR MACHO/FÊMEA M3x14x6 NYLON PRETO;PÇ;1;0,68;-0,32;-32,00%;111;111;;
PRO0917;PINO GUIA DIN7 3X10 AÇO CARBORNO ;PÇ;1;1;0;0,00%;1.111,00;1111;;
PRO0918;PINO GUIA DIN7 3X14 AÇO CARBORNO ;PÇ;1;1,1;0,1;10,00%;111;111;;
PRO0919;PINO GUIA DIN7 3X16 AÇO CARBORNO ;PÇ;1;1,19;0,19;19,00%;111;111;;
PRO0920;REB. REPUXO PRETO 4.0 X 19 ACO / ALUMINIO;PÇ;1;0,23;-0,77;-77,00%;111;111;;
PRO0921;P. AA PN. C/ PH 2.2 X 6.5 ZB;PÇ;1;0,09;-0,91;-91,00%;11.111,00;11111;;
PRO0922;P. AA CH. C/ PH 2.2 X 9.5 ZB;PÇ;1;0,11;-0,89;-89,00%;11.111,00;11111;;
PRO0923;P. CAB. CHATA SX INT. M2.5-0.45 X 8MA ZB;PÇ;1;0,25;-0,75;-75,00%;111;111;;
PRO0924;P. CAB. CHATA SX INT. M3-0.50 X 10MA ZB;PÇ;1;0,59;-0,41;-41,00%;111;111;;
PRO0925;P. CAB. CHATA SX INT. M3-0.50 X 12MA ZB;PÇ;1;0,67;-0,33;-33,00%;1.111,00;1111;;
PRO0926;P. CAB. CHATA SX INT. M3-0.50 X 5MA ZB;PÇ;1;0,63;-0,37;-37,00%;111;111;;
PRO0927;P. CAB. CHATA SX INT. M3-0.50 X 8MA ZB;PÇ;1;0,67;-0,33;-33,00%;1.111,00;1111;;
PRO0928;P. CAB. CHATA SX INT. M4-0.70 X 12MA ZB;PÇ;1;0,38;-0,62;-62,00%;1.111,00;1111;;
PRO0929;P. CAB. CHATA SX INT. M4-0.70 X 20MA ZB;PÇ;1;0,55;-0,45;-45,00%;111;111;;
PRO0930;P. CAB. CILINDRICA SX INT. M3-0.50 X 12MA ZB;PÇ;1;0,38;-0,62;-62,00%;111;111;;
PRO0931;P. CAB. CILINDRICA SX INT. M3-0.50MA X 15 INOX A2;PÇ;1;0,65;-0,35;-35,00%;1.111,00;1111;;
PRO0932;P. CAB. ABAULADA SX INT. M2-0.40 X 8 ZB;PÇ;1;0,39;-0,61;-61,00%;111;111;;
PRO0933;P. CAB. ABAULADA SX INT. M3-0.50 X 12 ZB;PÇ;1;0,68;-0,32;-32,00%;1.111,00;1111;;
PRO0934;P. CAB. ABAULADA SX INT. M3-0.50 X 8 ZB;PÇ;1;0,65;-0,35;-35,00%;111;111;;
PRO0935;P. CAB. ABAULADA SX INT. M4-0.70 X 10 ZB;PÇ;1;0,78;-0,22;-22,00%;1.111,00;1111;;
PRO0936;P. CAB. ABAULADA SX INT. M4-0.70 X 6 ZB;PÇ;1;0,65;-0,35;-35,00%;111;111;;
PRO0937;P. AA CH. C/ PH 2.2 X 6.5 ZB;PÇ;1;0,09;-0,91;-91,00%;111;111;;
PRO0938;P. CAB. CHATA SX INT. M3-0.50 X 6 INOX A2;PÇ;1;0,78;-0,22;-22,00%;111;111;;
PRO0939;P. RM CL. C/ FE M3-0.50 X 10 INOX A2;PÇ;1;0,22;-0,78;-78,00%;111;111;;
PRO0940;P. CAB. CILINDRICA SX INT. M8-1.25MA X 20 INOX A2;PÇ;1;1,89;0,89;89,00%;111;111;;
PRO0941;P. CAB. ABAULADA TORX C/ PINO M5-0.80 X 16 INOX A2;PÇ;1;4,32;3,32;332,00%;111;111;;
PRO0942;P. RM PAN. C/ TORX M6-1.00 X 50 INOX A2;PÇ;1;11,93;10,93;1093,00%;1.111,00;1111;;
PRO0943;P. CAB. ABAULADA TORX M4-0.70 X 16 INOX A2;PÇ;1;1,97;0,97;97,00%;1.111,00;1111;;
PRO0944;INSERTO METÁLICO SERRILHADO M5X6X7 - LATÃO;PÇ;1;1,17;0,17;17,00%;10.111,00;10111;;
PRO0945;P. CAB. CILINDRICA SX INT. M1.6-0.35MA X 10 INOX A2;PÇ;1;1,28;0,28;28,00%;1.111,00;1111;;
PRO0946;INSERTO METÁLICO SERRILHADO M3X4X5 - LATÃO;PÇ;1;0,83;-0,17;-17,00%;110.111,00;110111;;
PRO0947;INSERTO METÁLICO SERRILHADO M4X6X5 - LATÃO;PÇ;1;0,85;-0,15;-15,00%;111;111;;
PRO0948;PORCA REBITE M4 CILINDRICO ABA PLANA AÇO C. ZB;PÇ;1;0,43;-0,57;-57,00%;111;111;;
PRO0949;PORCA REBITE M5 CILINDRICO ABA PLANA AÇO C. ZB;PÇ;1;0,49;-0,51;-51,00%;1.111,00;1111;;
PRO0950;P. CAB. CILINDRICA SX INT. M2-0.40MA X 20 INOX A2 - ZINCO PRETO;PÇ;1;1,17;0,17;17,00%;1.000,00;1000;;
PRO0951;PARAFUSO DE TRAÇÃO REBITADOR MANUAL M3 (SÓ PARAFUSO);PÇ;1;33,4;32,4;3240,00%;111;111;;
PRO0952;PARAFUSO DE TRAÇÃO REBITADOR MANUAL M4  (SÓ PARAFUSO);PÇ;1;33,4;32,4;3240,00%;1.111,00;1111;;
PRO0953;PARAFUSO DE TRAÇÃO REBITADOR MANUAL M5  (SÓ PARAFUSO);PÇ;1;33,4;32,4;3240,00%;111;111;;
PRO0954;PARAFUSO DE TRAÇÃO REBITADOR MANUAL M6 (SÓ PARAFUSO);PÇ;1;33,4;32,4;3240,00%;1.111,00;1111;;
PRO0955;PARAFUSO DE TRAÇÃO REBITADOR MANUAL M8  (SÓ PARAFUSO);PÇ;1;33,4;32,4;3240,00%;111;111;;
PRO0956;PARAFUSO DE TRAÇÃO REBITADOR MANUAL M10 (SÓ PARAFUSO);PÇ;1;33,4;32,4;3240,00%;11;11;;
PRO0957;ESPAÇADOR FÊMEA/FÊMEA M3X9 NYLON PRETO;PÇ;1;0,57;-0,43;-43,00%;1.111,00;1111;;
PRO0958;PARAFUSO M3X8 C. PANELA PHILLIPS NYLON PA66 PRETO;PÇ;1;0,31;-0,69;-69,00%;1.111,00;1111;;
PRO0959;ESPAÇADOR FÊMEA/FÊMEA M3X20 NYLON PRETO;PÇ;1;0,62;-0,38;-38,00%;100;100;;
PRO0960;P. CAB. ABAULADA TORX C/ PINO M5-0.80 X 20 INOX A2;PÇ;1;5,37;4,37;437,00%;1.111,00;1111;;
PRO0961;P. CAB. ABAULADA TORX C/ PINO M6-1.00 X 10 INOX A2;PÇ;1;4,6;3,6;360,00%;111;111;;
PRO0962;P. CAB. ABAULADA TORX C/ PINO M6-1.00 X 16 INOX A2;PÇ;1;5,8;4,8;480,00%;111;111;;
PRO0963;P. CAB. ABAULADA TORX C/ PINO M6-1.00 X 25 INOX A2;PÇ;1;8,38;7,38;738,00%;111;111;;
PRO0964;P. CAB. ABAULADA TORX C/ PINO M6-1.00 X 50 INOX A2;PÇ;1;14,17;13,17;1317,00%;111;111;;
PRO0965;P. CAB. ABAULADA TORX C/ PINO M8-1.25 X 50 INOX A2;PÇ;1;23,8;22,8;2280,00%;61;61;;
PRO0966;P. CAB. ABAULADA TORX C/ PINO M10-1.50 X 30 INOX A2;PÇ;1;20,83;19,83;1983,00%;111;111;;
PRO0967;P. S/C SEXT. INT P. MOLA ESFERA M3-0.50 X 6MA INOX A2;PÇ;1;2,37;1,37;137,00%;111;111;;
PRO0968;FRETE AZUL EXPRESS 3 A 4 DIAS ÚTEIS;PÇ;1;28,9;27,9;2790,00%;111;111;;
PRO0969;ESPAÇADOR FÊMEA/FÊMEA M2.5X5 NYLON PRETO;PÇ;1;0,47;-0,53;-53,00%;1.111,00;1111;;
PRO0970;Macho Máquina M4x0,7 Hss-e1616 Tin - Yamawa Japan;PÇ;1;40;39;3900,00%;4;4;;
PRO0971;P. CAB. ABAULADA SX INT. M5-0.80 X 10 INOX A2;PÇ;1;0,37;-0,63;-63,00%;611;611;;
PRO0972;POR. TRAV. ALTA - M8-1.25MA ZB CL8;PÇ;1;0,52;-0,48;-48,00%;111;111;;
PRO0973;P. AA PN. C/ PH 2.9 X 19 INOX A2;PÇ;1;0,2;-0,8;-80,00%;111;111;;
PRO0974;P. SEXT. RI M8-1.25MA X 60 INOX A2;PÇ;1;3;2;200,00%;1.111,00;1111;;
PRO0975;P. SEXT. RI M8-1.25MA X 60 8.8 ZB;PÇ;1;1,98;0,98;98,00%;111;111;;
PRO0976;P. SEXT. RI M8-1.25MA X 40 8.8 ZB;PÇ;1;1,57;0,57;57,00%;111;111;;
PRO0977;POR. TRAV. ALTA - M16-2.00MA ZB CL8;PÇ;1;2,92;1,92;192,00%;111;111;;
PRO0978;AR. LISA M16 FE. PL;PÇ;1;1,72;0,72;72,00%;1.111,00;1111;;
PRO0979;P. CAB. CILINDRICA SX INT. M6-1.00MA X 8 INOX A2;PÇ;1;1,72;0,72;72,00%;111;111;;
PRO0980;P. CAB. ABAULADA SX INT. M5-0.80 X 8 INOX A2;PÇ;1;0,38;-0,62;-62,00%;111;111;;
PRO0981;P. CAB. CILINDRICA SX INT. M2.5-0.45MA X 25 INOX A2;PÇ;1;2,97;1,97;197,00%;61;61;;
PRO0982;P. AA PN. C/ PH 2.9 X 9.5 ZP;PÇ;1;0,16;-0,84;-84,00%;1.111,00;1111;;
PRO0983;P. PLAST PN. C/ PH 2.5 X 8 ZP;PÇ;1;0,08;-0,92;-92,00%;1.111,00;1111;;
PRO0984;Vira Macho N°0 - M1 A M3  - Caneta;PÇ;1;40;39;3900,00%;1;1;;
PRO0985;P. RM PAN. C/ PH. M3-0.50 X 10 INOX A2;PÇ;1;0,17;-0,83;-83,00%;1.111,00;1111;;
PRO0986;INSERTO METÁLICO SERRILHADO M3X6X5 - LATÃO;PÇ;1;0,83;-0,17;-17,00%;1.111,00;1111;;
PRO0987;POR. SEXT. M3-0.50MA FE. BC;PÇ;1;0,06;-0,94;-94,00%;1.111,00;1111;;
PRO0988;P. CAB. CHATA SX INT. M2-0.40 X 3 INOX A2;PÇ;1;0,78;-0,22;-22,00%;1;1;;
PRO0989;P. SEXT. RI 5/16-18UNC X 1-1/4 INOX 304;PÇ;1;1,96;0,96;96,00%;111;111;;
PRO0990;PORCA SEXTAVADA - 5/16-18UNC INOX 304;PÇ;1;0,69;-0,31;-31,00%;1.111,00;1111;;
PRO0991;P. SEXT. RI M10-1.50MA X 20 INOX A2;PÇ;1;2,2;1,2;120,00%;111;111;;
PRO0992;Frete Sedex ;PÇ;1;34,3;33,3;3330,00%;111;111;;
PRO0993;P. CAB. ABAULADA TORX C/ PINO M5-0.80 X 25 INOX A2;PÇ;1;6,21;5,21;521,00%;200;200;;
PRO0994;"Macho de Rosca Esquerda M18x2 HSS (UNITÁRIO)		";PÇ;1;165;164;16400,00%;11;11;;
PRO0995;PA RM PAN. C/ PH. M5-0.80 X 25 NYLON PA66- Branco;PÇ;1;3,76;2,76;276,00%;111;111;;
PRO0996;ARRUELA DE NYLON M5 PA66 BRANCO;PÇ;1;0,42;-0,58;-58,00%;1.111,00;1111;;
PRO0997;POR. SEXT. M6-1.00MA NYLON PA66 BRANCO;PÇ;1;1,18;0,18;18,00%;111;111;;
PRO0998;P. S/C SEXT. INT P. MOLA ESFERA M4-0.70 X 6MA INOX A2;PÇ;1;2,63;1,63;163,00%;111;111;;
PRO0999;P. S/C SEXT. INT P. MOLA ESFERA M4-0.70 X 6MA A. LIGA;PÇ;1;2,03;1,03;103,00%;111;111;;
PRO1000;P. CAB. CILINDRICA SX INT. M1.6-0.35MA X 10 LG 12.9;PÇ;1;0,93;-0,07;-7,00%;400;400;;
PRO1001;Abraçadeira Tipo Mola Mangueira Varias Medidas (75pçs);PÇ;1;78;77;7700,00%;10;10;;
PRO1002;P. RM CH C/ PH. M2-0.40 X 5MA INOX A2;PÇ;1;0,37;-0,63;-63,00%;1.111,00;1111;;
PRO1003;P. RM PAN. C/ PH. M2-0.40 X 3 INOX A2;PÇ;1;0,39;-0,61;-61,00%;1.111,00;1111;;
PRO1004;P. S/C SEXT INT P. CN M3-0.50MA X 10  INOX A2;PÇ;1;2,98;1,98;198,00%;1.111,00;1111;;
PRO1005;P. RM CH C/ PH. M3-0.50 X 6MA ZINCO PRETO;PÇ;1;0,27;-0,73;-73,00%;111;111;;
PRO1006;P. RM CH C/ PH. M3-0.50 X 8MA ZINCO PRETO;PÇ;1;0,27;-0,73;-73,00%;111;111;;
PRO1007;P. RM CH C/ PH. M3-0.50 X 10MA ZINCO PRETO;PÇ;1;0,3;-0,7;-70,00%;1.111,00;1111;;
PRO1008;P. RM CH C/ PH. M3-0.50 X 12MA ZINCO PRETO;PÇ;1;0,3;-0,7;-70,00%;111;111;;
PRO1009;P. RM CH C/ PH. M3-0.50 X 16MA ZINCO PRETO;PÇ;1;0,34;-0,66;-66,00%;111;111;;
PRO1010;P. PLAST PN. C/ PH 3 X 6 INOX A4;PÇ;1;0,43;-0,57;-57,00%;111;111;;
PRO1011;P. PLAST PN. C/ PH 3 X 8 INOX A4;PÇ;1;0,47;-0,53;-53,00%;111;111;;
PRO1012;P. AA PN. C/ PH 2.2 X 5 INOX A2;PÇ;1;0,28;-0,72;-72,00%;1.111,00;1111;;
PRO1013;INSERTO METÁLICO SERRILHADO M3X8X5 - LATÃO;PÇ;1;0,87;-0,13;-13,00%;111;111;;
PRO1014;"P. SEXT. RI M5-0.80MA X 20 NYLON P66-BRANCO		";PÇ;1;3,4;2,4;240,00%;1.111,00;1111;;
PRO1015;"""Macho de Rosca Esquerda 1/2-13 HSS (UNITÁRIO)		""		";PÇ;1;130;129;12900,00%;20;20;;
PRO1016;Macho de Rosca Esquerda 1/2-13 HSS (UNITÁRIO) ;PÇ;1;130;129;12900,00%;20;20;;
PRO1017;PARAFUSO M3X15 C. PANELA PHILLIPS NYLON PA66 PRETO;PÇ;1;0,43;-0,57;-57,00%;111;111;;
PRO1018;PARAFUSO M3X25 C. PANELA PHILLIPS NYLON PA66 PRETO;PÇ;1;0,5;-0,5;-50,00%;1.111,00;1111;;
PRO1019;PARAFUSO M3X30 C. PANELA PHILLIPS NYLON PA66 PRETO;PÇ;1;0,69;-0,31;-31,00%;111;111;;
PRO1020;PARAFUSO M3X25 C. PANELA PHILLIPS NYLON PA66 BRANCO;PÇ;1;0,57;-0,43;-43,00%;1111;1111;;
PRO1021;P. CAB. CHATA TORX M6-1.00 X 30 INOX A2;PÇ;1;4,23;3,23;323,00%;111;111;;
PRO1022;P. CAB. CHATA TORX M6-1.00 X 40 INOX A2;PÇ;1;4,8;3,8;380,00%;111;111;;
PRO1023;P. PAN. C/ TORX M8-1.25 X 50 INOX A2;PÇ;1;20,8;19,8;1980,00%;111;111;;
PRO1027;P. AA PN. C/ TORX 4.8 X 20 INOX A2;M;1;670;669;66900,00%;11111;11111;;
PRO1028;P. AA CH. C/ TORX 4.8 X 38 A2;M;1;730;729;72900,00%;11111;11111;;
PRO1029;P. AA CH. C/ TORX 4.8 X 45 A2;M;1;940;939;93900,00%;1111;1111;;
PRO1030;P. AA PN. C/ PH 2.2 X 4 INOX A2;PÇ;1;0,25;-0,75;-75,00%;111;111;;
PRO1031;P. AA PN. C/ TORX 4.8 X 25 INOX A2;M;1;670;669;66900,00%;11111;11111;;
PRO1032;P. RM PAN. C/ PH. M3-0.50 X 25 INOX A2;PÇ;1;0,71;-0,29;-29,00%;111;111;;
PRO1033;P. RM PAN. C/ PH. M3-0.50 X 30 INOX A2;PÇ;1;0,79;-0,21;-21,00%;111;111;;
PRO1034;P. S/C SEXT. INT P. CV M3-0.50 X 10MA INOX A2;PÇ;1;0,59;-0,41;-41,00%;111;111;;
PRO1035;P. S/C SEXT. INT P. CV M3-0.50 X 12MA INOX A2;PÇ;1;0,67;-0,33;-33,00%;111;111;;
PRO1036;P. AA PN. C/ PH 3.5 X 25 INOX A2;PÇ;1;0,27;-0,73;-73,00%;111;111;;
PRO1037;P. AA PN. C/ PH 3.5 X 19 INOX A2;PÇ;1;0,24;-0,76;-76,00%;111;111;;
PRO1038;P. AA PN. C/ PH 2.9 X 22 INOX A2;PÇ;1;0,27;-0,73;-73,00%;111;111;;
PRO1039;P. AA PN. C/ PH 2.9 X 13 INOX A2;PÇ;1;0,16;-0,84;-84,00%;111;111;;
PRO1040;P. AA PN. C/ PH 2.6 X 18 INOX A2;PÇ;1;0,45;-0,55;-55,00%;111;111;;
PRO1041;P. AA PN.  TORX C/ PINO M6 X 16 INOX A2;PÇ;1;2,87;1,87;187,00%;1111;1111;;
PRO1042;INSERTO METÁLICO SERRILHADO M4X4X5 - LATÃO;PÇ;1;0,85;-0,15;-15,00%;1111;1111;;
PRO1043;INSERTO METÁLICO SERRILHADO M6X8X8 - LATÃO;PÇ;1;2,13;1,13;113,00%;1111;1111;;
PRO1044;P. CAB. CILINDRICA SX INT. M8-1.25MA X 45 INOX A2;PÇ;1;1,82;0,82;82,00%;1111111;1111111;;
PRO1045;INSERTO METÁLICO M4x10x6.3;PÇ;1;1,07;0,07;7,00%;20000;20000;;
PRO1046;P. RM PAN. C/ PH. M1.6-0.35 X 8 INOX A2;PÇ;1;1,19;0,19;19,00%;111;111;;
PRO1047;* P. CAB. ABAULADA TORX M8-1.25 X 50 INOX A2;M;1;820;819;81900,00%;111;111;;
PRO1048;* BARRA ROSC. 1M. M10-1.50MA INOX A2;M;1;30190;30189;3018900,00%;1111;1111;;
PRO1049;* AR. LISA M10 INOX A2;M;1;270;269;26900,00%;1;1;;
PRO1050;* AR. PRESSAO M10 INOX A2;M;1;180;179;17900,00%;1;1;;
PRO1051;* POR. SEXT. M10-1.50MA INOX A2;M;1;820;819;81900,00%;1111;1111;;
PRO1052;* PO SEXT. FLANG. SE. M8-1.25MA INOX A2;M;1;720;719;71900,00%;11111;11111;;
PRO1053;* P. CAB. ABAULADA TORX M8-1.25 X 14 INOX A2;M;1;3600;3599;359900,00%;11111;11111;;
PRO1054;* P S/C SEXT INT P. PL M12-1.75 X 16MA INOX A2;M;1;4320;4319;431900,00%;11111;11111;;
PRO1055;* P. CAB. ABAULADA TORX M6-1.00 X 10 INOX A2;M;1;1570;1569;156900,00%;11111;11111;;
PRO1056;"* PO SEXT. FLANG. SE. M6-1.00MA INOX A2	";M;1;360;359;35900,00%;1111;1111;;
PRO1057;* P. CAB. ABAULADA TORX M8-1.25 X 16 INOX A2;M;1;3840;3839;383900,00%;11111;11111;;
PRO1058;* P. CAB. ABAULADA TORX M8-1.25 X 20 INOX A2;M;1;4320;4319;431900,00%;11111;11111;;
PRO1059;* P. CAB. ABAULADA TORX M8-1.25 X 30 INOX A2;M;1;5760;5759;575900,00%;11111;11111;;
PRO1060;* P. CAB. CHATA TORX M8-1.25 X 50 INOX A2;M;1;7200;7199;719900,00%;11111;11111;;
PRO1061;P. CAB. CHATA TORX M3-0.50MA X 16 INOX A2;PÇ;1;0,83;-0,17;-17,00%;1111;1111;;
PRO1062;P. RM PAN. C/ TORX M4-0.70 X 12 INOX A2;PÇ;1;1,13;0,13;13,00%;111;111;;
PRO1063;P. CAB. CHATA TORX M4-0.70MA X 10 INOX A2;PÇ;1;0,92;-0,08;-8,00%;111;111;;
PRO1064;P. CAB. CHATA TORX M4-0.70MA X 20 INOX A2;PÇ;1;1,32;0,32;32,00%;111;111;;
PRO1065;P. CAB. ABAULADA SX INT. M4-0.70 X 12 INOX A2;PÇ;1;0,23;-0,77;-77,00%;111;111;;
PRO1066;INSERTO METÁLICO SERRILHADO M2X3X3 - LATÃO;PÇ;1;0,75;-0,25;-25,00%;111;111;;
PRO1067;INSERTO METÁLICO SERRILHADO M2X3X5 - LATÃO;PÇ;1;0,78;-0,22;-22,00%;1;1;;
PRO1068;P. CAB. ABAULADA SX INT. M5-0.80 X 20 LG 12.9;PÇ;1;0,39;-0,61;-61,00%;111;111;;
PRO1069;P S/C SEXT INT P. CV #5-40 X 3/16UNC A. LIGA (1/8x3/16);PÇ;1;0,69;-0,31;-31,00%;111;111;;
PRO1070;P. RM PAN. C/ PH. M3-0.50 X 4 INOX A2;PÇ;1;0,27;-0,73;-73,00%;111;111;;
PRO1071;P. CAB. CILINDRICA SX INT. M3-0.50 X 50MA LG 12.9;PÇ;1;2,09;1,09;109,00%;11111;11111;;
PRO1072;PA. SX FL. ROSCA TRILOBULAR M6-1.00 X 16 - 10.9 ZB;PÇ;1;1,44;0,44;44,00%;1111;1111;;
PRO1073;PA. SX FL. ROSCA TRILOBULAR M6-1.00 X 20 - 10.9 ZB;PÇ;1;1,68;0,68;68,00%;1111;1111;;
PRO1074;PA. SX FL. ROSCA TRILOBULAR M6-1.00 X 30 - 10.9 ZB;PÇ;1;2,16;1,16;116,00%;1111;1111;;
PRO1075;P. S/C SEXT INT P. CN M4-0.70MA X 8 INOX A2;PÇ;1;0,46;-0,54;-54,00%;111;111;;
PRO1076;P. S/C SEXT INT P. CN M4-0.70MA X 10 INOX A2;PÇ;1;0,49;-0,51;-51,00%;1111;1111;;
PRO1077;P. S/C SEXT INT P. CN M4-0.70MA X 16 INOX A2;PÇ;1;0,72;-0,28;-28,00%;111;111;;
PRO1078;P. S/C SEXT INT P. CN M5-0.80MA X 6 INOX A2;PÇ;1;0,46;-0,54;-54,00%;1111;1111;;
PRO1079;P. S/C SEXT INT P. CN M5-0.80MA X 8 INOX A2;PÇ;1;0,54;-0,46;-46,00%;111;111;;
PRO1080;P. S/C SEXT INT P. CN M5-0.80MA X 10 INOX A2;PÇ;1;0,64;-0,36;-36,00%;11111;11111;;
PRO1081;P. S/C SEXT INT P. CN M6-1.00MA X 6 INOX A2;PÇ;1;0,48;-0,52;-52,00%;1111;1111;;
PRO1082;P. S/C SEXT INT P. CN M6-1.00MA X 8 INOX A2;PÇ;1;0,59;-0,41;-41,00%;1111;1111;;
PRO1083;P. S/C SEXT INT P. CN M6-1.00MA X 10 INOX A2;PÇ;1;0,68;-0,32;-32,00%;111;111;;
PRO1084;P. S/C SEXT INT P. CN M6-1.00MA X 12 INOX A2;PÇ;1;0,93;-0,07;-7,00%;1111;1111;;
PRO1085;P. S/C SEXT INT P. CN M6-1.00MA X 20 INOX A2;PÇ;1;1,23;0,23;23,00%;1111;1111;;
PRO1086;P. S/C SEXT INT P. CN M6-1.00MA X 25 INOX A2;PÇ;1;2,1;1,1;110,00%;111;111;;
PRO1087;P. S/C SEXT INT P. CN M10-1.50MA X 10 INOX A2;PÇ;1;2,09;1,09;109,00%;1061;1061;;
PRO1088;P. S/C SEXT INT P. CN M10-1.50MA X 12 INOX A2;PÇ;1;2,59;1,59;159,00%;111;111;;
PRO1089;P. S/C SEXT INT P. CN M10-1.50MA X 16 INOX A2;PÇ;1;2,97;1,97;197,00%;66;66;;
PRO1090;P. S/C SEXT INT P. CN M10-1.50MA X 20 INOX A2;PÇ;1;3,85;2,85;285,00%;111;111;;
PRO1091;P. S/C SEXT INT P. CN M10-1.50MA X 25 INOX A2;PÇ;1;4,91;3,91;391,00%;111;111;;
PRO1092;P. S/C SEXT INT P. CN M12-1.75MA X 16 INOX A2;PÇ;1;4,83;3,83;383,00%;111;111;;
PRO1093;P. S/C SEXT INT P. CN M12-1.75MA X 20 INOX A2;PÇ;1;7,59;6,59;659,00%;111;111;;
PRO1094;P. S/C SEXT INT P. CN M12-1.75MA X 25 INOX A2;PÇ;1;8,73;7,73;773,00%;11111;11111;;
PRO1095;P. S/C SEXT INT P. CN M12-1.75MA X 30 INOX A2;PÇ;1;9,76;8,76;876,00%;111;111;;
PRO1096;P. AA PN. TORX C/ PINO M6 X 20 INOX A2;PÇ;1;2,96;1,96;196,00%;250;250;;
PRO1097;P. CAB. CHATA TORX M8-1.25 X 25 INOX A2;PÇ;1;7,34;6,34;634,00%;111;111;;
PRO1098;P. AA ALLEN CILÍNDRICO M3 X 10 INOX A2;PÇ;1;0,53;-0,47;-47,00%;111;111;;
PRO1099;P. CAB. CILINDRICA SX INT. M5-0.80MA X 16 NYLON PA66 PRETO;PÇ;1;0,98;-0,02;-2,00%;500;500;;
PRO1100;PA. PAN PHILLIPS FL. M2.5-0.45 X 8 INOX A2;PÇ;1;0,92;-0,08;-8,00%;11111;11111;;
PRO1101;PA. PAN PHILLIPS FL. M2.5-0.45 X 6 INOX A2;PÇ;1;0,92;-0,08;-8,00%;111;111;;
PRO1102;P. AA PN. C/ PH 2.2 X 20 INOX A2;PÇ;1;0,59;-0,41;-41,00%;111;111;;
PRO1103;Oil Plug Extension Conector 1/4 NPT Macho x 1/4 NPT Femea -50mm;PÇ;1;23,83;22,83;2283,00%;111;111;;
PRO1104;testeeeeee;PÇ;1;1;0;0,00%;11;11;;
PRO1105;testeeeeeee;PÇ;1;111;110;11000,00%;111;111;;
PRO1106;P. RM PAN. C/ TORX M4-0.70 X 8 INOX A2;PÇ;1;1,1;0,1;10,00%;1000;1000;;
PRO1107;P. RM PAN. C/ TORX M5-0.80 X 12 INOX A2;PÇ;1;2,04;1,04;104,00%;1000;1000;;
PRO1108;P. RM PAN. C/ TORX M6-1.00 X 20 INOX A2;PÇ;1;4,14;3,14;314,00%;1000;1000;;
PRO1109;P. RM PAN. C/ TORX M6-1.00 X 10 INOX A2;PÇ;1;3,12;2,12;212,00%;1000;1000;;
PRO1110;P. RM PAN. C/ TORX M6-1.00 X 12 INOX A2;PÇ;1;3,36;2,36;236,00%;1000;1000;;
PRO1111;P. RM PAN. C/ TORX M8-1.25 X 16 INOX A2;PÇ;1;7,32;6,32;632,00%;1000;1000;;
PRO1112;P. RM PAN. C/ TORX M8-1.25 X 25 INOX A2;PÇ;1;9,36;8,36;836,00%;1000;1000;;
PRO1113;P. RM PAN. C/ TORX M8-1.25 X 20 INOX A2;PÇ;1;8,22;7,22;722,00%;1000;1000;;
PRO1114;P. AA ABAULADO TORX 3 X 10 INOX A2;PÇ;1;0,57;-0,43;-43,00%;111;111;;
PRO1115;P. AA PN. C/ TORX 3 X 10 ZB;PÇ;1;0,43;-0,57;-57,00%;1111;1111;;
PRO1116;P. S/C SEXT INT P. CN M12-1.75MA X 40 INOX A2;PÇ;1;10,93;9,93;993,00%;111;111;;
PRO1117;PA. SEXT. FL  M 8-1.25 X 60 RT INOX A2;PÇ;1;7,87;6,87;687,00%;1111;1111;;
PRO1118;P. CAB. CILINDRICA SX INT. M6-1.0MA X 16 - IMPERD.  INOX A2;PÇ;1;1,78;0,78;78,00%;111;111;;
PRO1119;P. CAB. CILINDRICA SX INT. M6-1.0MA X 18 - IMPERD.  INOX A2;PÇ;1;1,87;0,87;87,00%;1111;1111;;
PRO1120;P. CAB. CILINDRICA SX INT. M6-1.0MA X 20 - IMPERD.  INOX A2;PÇ;1;1,98;0,98;98,00%;1111;1111;;
PRO1121;PA RM PAN. C/ PH. M8-1.25 X 60 NYLON PA66- Branco;PÇ;1;7,27;6,27;627,00%;111;111;;
PRO1122;P. RM CH C/ PH. M2-0.40 X 10MA NYLON PA66 PRETO;PÇ;1;0,29;-0,71;-71,00%;11111;11111;;
PRO1123;P. AA CH. C/ PH 3.9 X 9.5 A2;PÇ;1;0,18;-0,82;-82,00%;1000;1000;;
PRO1124;P. CAB. CILINDRICA SX INT. M3-0.50MA X 100 RI INOX A2;PÇ;1;6,12;5,12;512,00%;111;111;;
PRO1125;P. CAB. CILINDRICA SX INT. M4-0.70MA X 100 RI INOX A2;PÇ;1;6,84;5,84;584,00%;111;111;;
PRO1126;P. CAB. CILINDRICA SX INT. M5-0.80MA X 100 RI INOX A2;PÇ;1;7,25;6,25;625,00%;111;111;;
PRO1127;P. CAB. CILINDRICA SX INT. M6-1.00MA X 100 RI INOX A2;PÇ;1;8,92;7,92;792,00%;1111;1111;;
PRO1128;P. CAB. CILINDRICA SX INT. M6-1.0MA X 25 - IMPERD.  INOX A2;PÇ;1;2,37;1,37;137,00%;111;111;;
PRO1129;P. CAB. CILINDRICA SX INT. M5-0.80MA X 12 - IMPERD.  INOX A2;PÇ;1;1,68;0,68;68,00%;111;111;;
PRO1130;P. CAB. CILINDRICA SX INT. M5-0.80MA X 14 - IMPERD.  INOX A2;PÇ;1;1,83;0,83;83,00%;1111;1111;;
PRO1131;P. CAB. CILINDRICA SX INT. M5-0.80MA X 16 - IMPERD.  INOX A2;PÇ;1;1,7;0,7;70,00%;111;111;;
PRO1132;P. RM PAN. C/ PH. M4-0.70 X 10 IMPERDI. INOX A2;PÇ;1;0,83;-0,17;-17,00%;1111;1111;;
PRO1133;POR. SEXT. M6 PALL NUT- DIN 7967 - FE. ZB;PÇ;1;0,65;-0,35;-35,00%;1111;1111;;
PRO1134;POR. SEXT. M8 PALL NUT- DIN 7967 - FE. ZB;PÇ;1;0,73;-0,27;-27,00%;111;111;;
PRO1135;POR. SEXT. M10 PALL NUT- DIN 7967 - FE. ZB;PÇ;1;0,81;-0,19;-19,00%;1111;1111;;
PRO1136;POR. SEXT. M12 PALL NUT- DIN 7967 - FE. ZB;PÇ;1;0,97;-0,03;-3,00%;1111;1111;;
PRO1137;POR. SEXT. M14 PALL NUT- DIN 7967 - FE. ZB;PÇ;1;1,39;0,39;39,00%;111;111;;
PRO1138;POR. SEXT. M16 PALL NUT- DIN 7967 - FE. ZB;PÇ;1;1,44;0,44;44,00%;111;111;;
PRO1139;POR. SEXT. M18 PALL NUT- DIN 7967 - FE. ZB;PÇ;1;1,98;0,98;98,00%;1111;1111;;
PRO1140;POR. SEXT. M20 PALL NUT- DIN 7967 - FE. ZB;PÇ;1;2,76;1,76;176,00%;111;111;;
PRO1141;POR. SEXT. M22 PALL NUT- DIN 7967 - FE. ZB;PÇ;1;2,92;1,92;192,00%;1111;1111;;
PRO1142;POR. SEXT. M24 PALL NUT- DIN 7967 - FE. ZB;PÇ;1;3,09;2,09;209,00%;111;111;;
PRO1143;P. PN PH ROSCA TRILOBULAR M3-0.50 X 8 INOX A2;PÇ;1;0,68;-0,32;-32,00%;111111;111111;;
PRO1144;P. CAB. CHATA SX INT. M4-0.70 X 8 INOX A4;PÇ;1;1,27;0,27;27,00%;111;111;;
PRO1145;P. CAB. CHATA SX INT. M4-0.70 X 10 INOX A4;PÇ;1;1,38;0,38;38,00%;1111;1111;;
PRO1146;P. CAB. CHATA SX INT. M4-0.70 X 12 INOX A4;PÇ;1;1,54;0,54;54,00%;111;111;;
PRO1147;P. CAB. CHATA SX INT. M4-0.70 X 16 INOX A4;PÇ;1;1,74;0,74;74,00%;1111;1111;;
PRO1148;P. CAB. CILINDRICA SX INT. M3-0.50MA X 8 INOX A4;PÇ;1;0,89;-0,11;-11,00%;111;111;;
PRO1149;P. S/C SEXT INT. P. PL M4-0.70 X 4MA INOX A2;PÇ;1;0,83;-0,17;-17,00%;1111;1111;;
PRO1150;P. SEXT. RI M12-1.75MA X 50 INOX A2 ROSCA ESQUERDA;PÇ;1;29,7;28,7;2870,00%;1111;1111;;
PRO1151;ITEM INDISPONÍVEL ;PÇ;1;0;-1;-100,00%;1111;1111;;
PRO1152;ITEM INDISPONÍVEL.;PÇ;1;0;-1;-100,00%;11111;11111;;
PRO1153;ITEM INDISPONÍVEL..;PÇ;1;0;-1;-100,00%;1111;1111;;
PRO1154;P. AA CH. C/ PH 2 X 6 A2;PÇ;1;0,48;-0,52;-52,00%;1074;1074;;
PRO1155;P. PLAST FL. C/ PH 2,2 X 6 A2;PÇ;1;0,53;-0,47;-47,00%;9596;9596;;
PRO1156;POR. BORBOLETA M5-0.80MA INOX A2;PÇ;1;1,04;0,04;4,00%;1111;1111;;
PRO1157;P. RM PAN. C/ PH. M4-0.70 X 8 INOX A2;PÇ;1;0,23;-0,77;-77,00%;1111;1111;;
PRO1158;P. RM CL. C/ FE M5-0.80 X 20 INOX A2;PÇ;1;0,59;-0,41;-41,00%;1111;1111;;
PRO1159;P. RM CL. C/ FE M5-0.80 X 16 INOX A2;PÇ;1;0,47;-0,53;-53,00%;1111;1111;;
PRO1160;P. RM PAN. C/ PH. M4-0.70 X 30 INOX A2;PÇ;1;0,45;-0,55;-55,00%;1111;1111;;
PRO1161;P. CAB. CHATA TORX M2-0.40MA X 10 INOX A2;PÇ;1;0,97;-0,03;-3,00%;111;111;;
PRO1162;BARRA ROSC. 1M. M8-1.25MA INOX A2;PÇ;1;34,12;33,12;3312,00%;111;111;;
PRO1163;P. RM CH. C/ FE. M4-0.70 X 8MA INOX A2;PÇ;1;0,25;-0,75;-75,00%;11111;11111;;
PRO1164;P. RM PAN. C/ PH. M4-0.70 X 6 INOX A2;PÇ;1;0,26;-0,74;-74,00%;11111;11111;;
PRO1165;P. RM PAN. C/ TORX M4-0.70 X 16 INOX A2;PÇ;1;1,29;0,29;29,00%;111;111;;
PRO1166;P. CAB. CHATA TORX M3-0.50MA X 8 INOX A2;PÇ;1;0,68;-0,32;-32,00%;111;111;;
PRO1167;P. RM PAN. C/ TORX M2.5-0.45 X 10 INOX A2;PÇ;1;0,93;-0,07;-7,00%;111;111;;
PRO1168;ITEM INDISPONÍVEL .;PÇ;1;0;-1;-100,00%;111;111;;
PRO1169;ITEM INDISPONÍVEL ..;PÇ;1;0;-1;-100,00%;111;111;;
PRO1170;P. CAB. ABAULADA SX INT. M2-0.40 X 6 LG 12.9;PÇ;1;0,86;-0,14;-14,00%;10967;10967;;
PRO1171;P. AA PN. C/ PH 2.2 X 6.5 ZP;PÇ;1;0,43;-0,57;-57,00%;75;75;;
PRO1172;ITEM INDISPONÍVEL  ..;PÇ;1;0;-1;-100,00%;111;111;;
PRO1173;ITEM INDISPONÍVEL  ...;PÇ;1;0;-1;-100,00%;111;111;;
PRO1174;ITEM INDISPONÍVEL   .;PÇ;1;0;-1;-100,00%;1111;1111;;
PRO1175;ITEM INDISPONÍVEL   ..;PÇ;1;0;-1;-100,00%;111;111;;
PRO1176;ITEM INDISPONÍVEL   ...;PÇ;1;0;-1;-100,00%;111;111;;
PRO1177;P. AA PN. C/ PH 4.8 X 50 ZB;PÇ;1;0,25;-0,75;-75,00%;111;111;;
PRO1178;BUCHA UNIVERSAL NYLON FU 8X50 FISCHER;PÇ;1;0,85;-0,15;-15,00%;111;111;;
PRO1179;PA. SX AUTO BROCANTE  6.3 X 25 - ZB;PÇ;1;0,42;-0,58;-58,00%;111;111;;
PRO1180;POR. SEXT. M6-1.00MA FE. ZB;PÇ;1;0,12;-0,88;-88,00%;111;111;;
PRO1181;ITEM INDISPONÍVEL    .;PÇ;1;0;-1;-100,00%;111;111;;
PRO1182;P. RM PAN. C/ PH. M3-0.50 X 15 NYLON PA66 PRETO;PÇ;1;0,42;-0,58;-58,00%;111;111;;
PRO1183;Oil Plug Extension Conector 1/8 NPT Macho x 1/8 NPT Femea -50mm;PÇ;1;23,83;22,83;2283,00%;111;111;;
PRO1184;POR. SEXT. M10-1.50MA INOX A2 ROSCA ESQUERDA;PÇ;1;9,2;8,2;820,00%;111;111;;
PRO1185;P. CAB. CHATA TORX M4-0.70MA X 12 INOX A2;PÇ;1;0,97;-0,03;-3,00%;11111;11111;;
PRO1186;P. CAB. CHATA TORX M4-0.70MA X 16 INOX A2;PÇ;1;1,21;0,21;21,00%;111;111;;
PRO1187;P. RM PAN. C/ TORX M2.5-0.45 X 12 INOX A2;PÇ;1;1,17;0,17;17,00%;1111;1111;;
PRO1188;P. RM PAN. C/ TORX M2.5-0.45 X 16 INOX A2;PÇ;1;1,29;0,29;29,00%;111;111;;
PRO1189;P. RM CH C/ PH. M3-0.50 X 4MA INOX A2;PÇ;1;0,67;-0,33;-33,00%;1111;1111;;
PRO1190;P. CAB. ABAULADA SX INT. M2.5-0.45 X 4 INOX A2;PÇ;1;0,97;-0,03;-3,00%;111;111;;
PRO1191;P. CAB. ABAULADA SX INT. M2-0.40 X 4 INOX A2;PÇ;1;0,85;-0,15;-15,00%;111;111;;
PRO1192;P. CAB. ABAULADA SX INT. M2.5-0.45 X 5 INOX A2;PÇ;1;1,04;0,04;4,00%;1111;1111;;
PRO1193;P. CAB. ABAULADA SX INT. M3-0.50 X 4 INOX A2;PÇ;1;1,53;0,53;53,00%;1111;1111;;
PRO1194;P. RM CH. C/ FE. M3-0.50 X 30MA INOX A2;PÇ;1;0,35;-0,65;-65,00%;111;111;;
PRO1195;P. S/C SEXT INT. P. PL M4-0.70 X 6MA INOX A2;PÇ;1;0,87;-0,13;-13,00%;111;111;;
PRO1196;P. S/C SEXT INT. P. PL M5-0.80 X 8MA INOX A2;PÇ;1;0,96;-0,04;-4,00%;1111;1111;;
PRO1197;P. CAB. CHATA TORX M2-0.40MA X 6 INOX A2;PÇ;1;0,87;-0,13;-13,00%;111;111;;
PRO1198;P. AA CH. C/ PH 3.5 X 38 A2;PÇ;1;0,52;-0,48;-48,00%;1111;1111;;
PRO1199;P. CAB. ABAULADA SX INT. M4-0.70 X 4 INOX A2;PÇ;1;0,57;-0,43;-43,00%;111;111;;
PRO1200;P. CAB. TORX INSERTO CNC  M4-0.70 X 12MA LG 12.9;PÇ;1;0,87;-0,13;-13,00%;111;111;;
PRO1201;P. S/C SEXT. INT P. MOLA ESFERA M8-1.25 X 16MA A. LIGA;PÇ;1;3,76;2,76;276,00%;1111;1111;;
PRO1202;P. S/C SEXT INT. P. PL M6-1.0 X 10MA INOX A2;PÇ;1;1,13;0,13;13,00%;1111;1111;;
PRO1203;AR. DENTADA EXT. M5 INOX A2;PÇ;1;0,52;-0,48;-48,00%;111;111;;
PRO1204;P. S/C SEXT. INT P. MOLA ESFERA M10-1.50 X 16MA A. LIGA;PÇ;1;4,96;3,96;396,00%;111;111;;
PRO1205;P. S/C SEXT. INT P. MOLA ESFERA M10-1.50 X 20MA A. LIGA;PÇ;1;6,27;5,27;527,00%;111;111;;
PRO1206;P. CAB. CILINDRICA BAIXA M5-0.80MA X 10 INOX A2;PÇ;1;1,12;0,12;12,00%;111;111;;
PRO1207;P. CAB. CILINDRICA SX INT. M4-0.70MA X 8 PVC CINZA;PÇ;1;0,72;-0,28;-28,00%;1111;1111;;
PRO1208;Kit Rosca Postiça M12 x 1.75;PÇ;1;175,2;174,2;17420,00%;11;11;;
PRO1209;Kit Rosca Postiça M4 x 0.7;PÇ;1;106,1;105,1;10510,00%;111;111;;
PRO1210;TESTEEE;PÇ;1;1;0;0,00%;11;11;;
PRO1211;TESTEEEE;PÇ;1;111;110;11000,00%;11;11;;
PRO1212;TESTEEEEE;PÇ;1;1;0;0,00%;1;1;;
PRO1213;P. RM CH C/ PH. M2.5-0.45 X 20MA INOX A2;PÇ;1;0,99;-0,01;-1,00%;1;1;;
PRO1214;P. CAB. CHATA SX INT. M4-0.70 X 50 INOX A2;PÇ;1;2,8;1,8;180,00%;1;1;;
PRO1215;P. CAB. CILINDRICA SX INT. M4-0.70MA X 8 NYLON PA66 PRETO;PÇ;1;0,69;-0,31;-31,00%;1111;1111;;
PRO1216;P. CAB. CHATA SX INT. M2.5-0.45 X 6 INOX A2;PÇ;1;0,86;-0,14;-14,00%;1111;1111;;
PRO1217;ESPAÇADOR MACHO/FÊMEA M2.5X10+6 NYLON PRETO;PÇ;1;0,47;-0,53;-53,00%;2000;2000;;
PRO1218;ESPAÇADOR FÊMEA/FÊMEA M2.5X12 NYLON PRETO;PÇ;1;0,49;-0,51;-51,00%;1000;1000;;
PRO1219;P. CAB. CHATA SX INT. M6-1.00 X 25 LG 12.9;PÇ;1;0,57;-0,43;-43,00%;1111;1111;;
PRO1220;P. SEXT. RI M12-1.75MA X 70 10.9 EN;PÇ;1;3,3;2,3;230,00%;111;111;;
PRO1221;P. SEXT. RI M10-1.50MA X 50 10.9 EN;PÇ;1;1,89;0,89;89,00%;111;111;;
PRO1222;P. CAB. CHATA SX INT. M8-1.25 X 25 LG 12.9;PÇ;1;0,87;-0,13;-13,00%;111;111;;
PRO1223;P. RM CH C/ FE. M8-1.25 X 50MA INOX A4;PÇ;1;6,87;5,87;587,00%;111;111;;
PRO1224;P. CAB. CILINDRICA SX INT. M2-0.40MA X 40 INOX A2;PÇ;1;2,98;1,98;198,00%;111;111;;
PRO1225;P. RM CH C/ PH. M8-1.25 X 25MA NYLON PA66- PRETO;PÇ;1;5,78;4,78;478,00%;111;111;;
PRO1226;P. RM CH. C/ PH M6-1.00 X 25 NYLON PA66 PRETO;PÇ;1;2,98;1,98;198,00%;111;111;;
PRO1227;POR. SEXT. M12-1.75MA INOX A2 ROSCA ESQUERDA;PÇ;1;16,8;15,8;1580,00%;11111;11111;;
PRO1228;POR. SEXT. M12-1.0MA INOX A2 ROSCA ESQUERDA;PÇ;1;21,1;20,1;2010,00%;111;111;;
PRO1229;POR. SEXT. M12-1.25MA INOX A2 ROSCA ESQUERDA;PÇ;1;21,1;20,1;2010,00%;111;111;;
PRO1230;POR. SEXT. M12-1.5MA INOX A2 ROSCA ESQUERDA;PÇ;1;21,1;20,1;2010,00%;111;111;;
PRO1231;P. CAB. CHATA TORX M5-0.80 X 10 INOX A2;PÇ;1;2,31;1,31;131,00%;1000;1000;;
PRO1232;P. AA PN. C/ PH 2.2 X 6 ZP;PÇ;1;0,29;-0,71;-71,00%;110;110;;
PRO1233;P. RM PAN. C/ TORX M8-1.25 X 30 INOX A2;PÇ;1;11,1;10,1;1010,00%;1111;1111;;
PRO1234;P. RM PAN. C/ TORX M8-1.25 X 35 INOX A2;PÇ;1;13,78;12,78;1278,00%;1111;1111;;
PRO1235;P. RM PAN. C/ TORX M8-1.25 X 40 INOX A2;PÇ;1;16,27;15,27;1527,00%;1111;1111;;
PRO1236;P. RM PAN. C/ TORX M8-1.25 X 50 INOX A2;PÇ;1;22,1;21,1;2110,00%;111;111;;
PRO1237;P. SEXT. RI M10-1.50MA X 60 8.8 EN;PÇ;1;1,79;0,79;79,00%;111;111;;
PRO1238;P. SEXT. RI M10-1.50MA X 90 8.8 EN;PÇ;1;2,57;1,57;157,00%;111;111;;
PRO1239;P S/C SEXT INT P. HD M12-1.75 X 30MA INOX A2;PÇ;1;14,1;13,1;1310,00%;111;111;;
PRO1240;PA. SX FL. RI M6-1.00X25 8.8 OXIDADO PRETO;PÇ;1;2,19;1,19;119,00%;1111;1111;;
PRO1241;PA. SX FL. RI 3/8-16X1-3/4 AÇO 8.8 ZB ;PÇ;1;6,97;5,97;597,00%;1111;1111;;
PRO1242;P S/C SEXT. INT P. CV M8-1.25 X 100MA INOX A2;PÇ;1;41,25;40,25;4025,00%;11;11;;
PRO1243;PA. SX FL. RI M6-1.00X25 10.9 OXIDADO PRETO;PÇ;1;2,47;1,47;147,00%;111;111;;
PRO1244;POR. SEXT. M4-0.70MA FE. ZB;PÇ;1;0,06;-0,94;-94,00%;111;111;;
PRO1245;INSERTO METÁLICO M2x5x4;PÇ;1;0,89;-0,11;-11,00%;1111;1111;;
PRO1246;P. CAB. ABAULADA TORX C/ PINO M5-0.80 X 30 INOX A2;PÇ;1;7,09;6,09;609,00%;1111;1111;;
PRO1247;P. AA PN. TORX C/ PINO M3 X 16 INOX A2;PÇ;1;0,87;-0,13;-13,00%;111;111;;
PRO1248;P. RM CH C/ PH. M3-0.50 X 5MA ZP;PÇ;1;0,29;-0,71;-71,00%;1111;1111;;
PRO1249;P. PLAST CH. C/ PH 2.5 X 8 ZB;PÇ;1;0,33;-0,67;-67,00%;1111;1111;;
PRO1250;P. AA CH. C/ PH 2.9 X 9.5 ZB;PÇ;1;0,13;-0,87;-87,00%;1111;1111;;
PRO1251;P. RM CH C/ PH. M4-0.70 X 8MA INOX A4;PÇ;1;0,95;-0,05;-5,00%;111;111;;
PRO1252;P. CAB. CILINDRICA SX INT. M5-0.80MA X 12 INOX A4;PÇ;1;2,04;1,04;104,00%;111;111;;
PRO1253;AR. LISA M5 INOX A4;PÇ;1;0,27;-0,73;-73,00%;111;111;;
PRO1254;P. RM PAN. C/ TORX M5-0.80 X 16 INOX A2;PÇ;1;2,28;1,28;128,00%;1111;1111;;
PRO1255;Macho Máquina M5x0,8 Hss-e1616 Tin - Yamawa Japan;PÇ;1;37,2;36,2;3620,00%;1111;1111;;
PRO1256;Macho Máquina M6x1 Hss-e1616 Tin - Yamawa Japan;PÇ;1;39,17;38,17;3817,00%;111;111;;
PRO1257;Macho Máquina M8x1,25 Hss-e1616 Tin - Yamawa Japan;PÇ;1;47,23;46,23;4623,00%;111;111;;
PRO1258;Macho Máquina M3x0,5 Hss-e1616 Tin ;PÇ;1;33,19;32,19;3219,00%;111;111;;
PRO1259;BARRA ROSC. 1M. M3-0.50MA INOX A2;PÇ;1;37,1;36,1;3610,00%;111;111;;
PRO1260;P. RM PAN. C/ PH. M4-0.70 X 15 NYLON PA66 BRANCO;PÇ;1;1,12;0,12;12,00%;111;111;;
PRO1261;P. RM CH C/ PH. M4-0.70 X 10MA INOX A4;PÇ;11;0,98;-10,02;-91,09%;1111;12221;;
PRO1262;P. CAB. ABAULADA TORX C/ PINO M5-0.80 X 12 INOX A2;PÇ;1;3,48;2,48;248,00%;1110;1110;;
PRO1263;P. RM PAN. C/ PH. M5-0.80 X 10 LATÃO;PÇ;1;2,74;1,74;174,00%;111;111;;
PRO1264;P. RM PAN. C/ PH. M5-0.80 X 16 LATÃO;PÇ;1;2,97;1,97;197,00%;111;111;;
PRO1265;P. RM PAN. C/ PH. M2.5-0.45 X 20 INOX A2;PÇ;1;1,08;0,08;8,00%;111;111;;
PRO1266;P. S/C SEXT INT P. CN M10-1.50MA X 20 INOX A2;PÇ;1;3,85;2,85;285,00%;111;111;;
PRO1267;P. CAB. ABAULADA SX INT. M4-0.70 X 30 INOX A2;PÇ;1;1,93;0,93;93,00%;111;111;;
PRO1268;P. RM PAN. C/ PH. M2.5-0.45 X 40 INOX A2;PÇ;1;2,16;1,16;116,00%;111;111;;
PRO1269;P. S/C SEXT. INT P. MOLA ESFERA M6-1.0 X 10MA INOX A2;PÇ;1;3,41;2,41;241,00%;111;111;;
PRO1270;P. CAB. CILINDRICA SX INT. M5-0.80MA X 10 LATÃO;PÇ;1;3,97;2,97;297,00%;111;111;;
PRO1271;P. CAB. CILINDRICA SX INT. M5-0.80MA X 12 LATÃO;PÇ;1;4,12;3,12;312,00%;111;111;;
PRO1272;P. CAB. CILINDRICA SX INT. M5-0.80MA X 16 LATÃO;PÇ;1;4,87;3,87;387,00%;111;111;;
PRO1273;P. S/C TORX INT. P. PL M4-0.70 X 4MA INOX A2;PÇ;1;0,76;-0,24;-24,00%;111;111;;
PRO1274;PA. SX INT. FL. SER. M6-1.00X16 8.8 OXIDADO PRETO;PÇ;1;2,23;1,23;123,00%;111;111;;
PRO1275;P. CAB. CILINDRICA SX INT. M2-0.40MA X 10 LG 12.9;PÇ;1;0,89;-0,11;-11,00%;111;111;;
PRO1276;P. CAB. CILINDRICA SX INT. M2-0.40MA X 12 LG 12.9;PÇ;1;0,92;-0,08;-8,00%;111;111;;
PRO1277;P. CAB. ABAULADA SX INT. M5-0.80 X 10 INOX A4;PÇ;1;1,83;0,83;83,00%;1111;1111;;
PRO1278;P. RM CH C/ PH. M4-0.70 X 10MA INOX A2;PÇ;1;0,23;-0,77;-77,00%;111;111;;
PRO1279;P. CAB. ABAULADA SX INT. M2.5-0.45 X 8 INOX A2;PÇ;1;0,89;-0,11;-11,00%;111;111;;
PRO1280;P. CAB. ABAULADA SX INT. M2.5-0.45 X 10 INOX A2;PÇ;1;1,1;0,1;10,00%;111;111;;
PRO1281;P. CAB. ABAULADA SX INT. M2.5-0.45 X 12 INOX A2;PÇ;1;1,13;0,13;13,00%;111;111;;
PRO1282;P. RM PAN. C/ PH. M4-0.70 X 20 INOX A2;PÇ;1;0,47;-0,53;-53,00%;111;111;;
PRO1283;P. S/C SEXT INT P CV M2.5-0.45 X 3MA A. LIGA;PÇ;1;0,72;-0,28;-28,00%;11111;11111;;
PRO1284;P. SEXT. RI M6-1.00MA X 50 NYLON PA66 BRANCO;PÇ;1;5,87;4,87;487,00%;1111;1111;;
PRO1285;P. CAB. CILINDRICA SX INT. M4-0.70 X 10MA LG 12.9;PÇ;1;0,22;-0,78;-78,00%;111;111;;
PRO1286;P. CAB. CHATA SX INT. M3-0.50 X 16MA LG 12.9;PÇ;1;0,46;-0,54;-54,00%;111;111;;
PRO1287;P. CAB. CILINDRICA SX INT. M3-0.50 X 6MA LG 12.9;PÇ;1;0,39;-0,61;-61,00%;111;111;;
PRO1288;P. CAB. CHATA SX INT. M4-0.70 X 16MA LG 12.9;PÇ;1;0,25;-0,75;-75,00%;111;111;;
PRO1289;P. CAB. CILINDRICA SX INT. M3-0.50 X 8MA LG 12.9;PÇ;1;0,33;-0,67;-67,00%;11111;11111;;
PRO1290;P. CAB. CILINDRICA SX INT. M4-0.70 X 16MA LG 12.9;PÇ;1;0,24;-0,76;-76,00%;11111;11111;;
PRO1291;PA. TORX CNC M4.5-0.75X10 AÇO LIGA ;PÇ;1;1,61;0,61;61,00%;1111;1111;;
PRO1292;PA. TORX CNC M4.5-0.75X12 AÇO LIGA ;PÇ;1;1,61;0,61;61,00%;1111;1111;;
PRO1293;BUJÃO SEXT. INTERNO B 1/4 NPT AI 304 DIN 906;PÇ;1;6,92;5,92;592,00%;30;30;;
PRO1294;BUJÃO SEXT. INTERNO H 1.1/2 BSP AI 304 DIN 906;PÇ;1;89;88;8800,00%;10;10;;
PRO1295;P. CAB. CILINDRICA SX INT. M5-0.80MA X 55 INOX A2;PÇ;1;3,27;2,27;227,00%;111;111;;
PRO1296;P. S/C SEXT INT. P. PL M2.5-0.45MA X 4 INOX A2;PÇ;1;0,87;-0,13;-13,00%;1111;1111;;
PRO1297;INSERTO METÁLICO SERRILHADO M2X5X3 - LATÃO;PÇ;1;0,8;-0,2;-20,00%;111;111;;
PRO1298;INSERTO METÁLICO SERRILHADO M2.5X5X3.5 - LATÃO;PÇ;1;0,82;-0,18;-18,00%;111;111;;
PRO1299;P. CAB. ABAULADA SX INT. M2-0.40 X 20 INOX A2;PÇ;1;0,97;-0,03;-3,00%;111;111;;
PRO1300;P. FRANCES S/ POR. M6-1.00 X 40 INOX A2;PÇ;1;1,87;0,87;87,00%;11111;11111;;
PRO1301;P. CAB. CILINDRICA SX INT. M2.5-0.45MA X 10 INOX A2;PÇ;1;0,87;-0,13;-13,00%;1061;1061;;
PRO1302;P. AA PN. C/ PH 2.9 X 35 INOX A2;PÇ;1;0,87;-0,13;-13,00%;1111;1111;;
PRO1303;P. AA PN. C/ PH 1.2 X 8 INOX A2;PÇ;1;0,76;-0,24;-24,00%;1111;1111;;
PRO1304;P. SEXT. RI M8-1.25MA X 30 NYLON P66-BRANCO;PÇ;1;6,37;5,37;537,00%;111;111;;
PRO1305;P. RM PAN. C/ PH. M6-1.00 X 40 NYLON PA66 BRANCO;PÇ;1;4,97;3,97;397,00%;111;111;;
PRO1306;ANILHA M3 INOX A2;PÇ;1;0,41;-0,59;-59,00%;111;111;;
PRO1307;ANILHA M4 INOX A2;PÇ;1;0,46;-0,54;-54,00%;1111;1111;;
PRO1308;ANILHA M5 INOX A2;PÇ;1;0,63;-0,37;-37,00%;111;111;;
PRO1309;ANILHA M6 INOX A2;PÇ;1;0,76;-0,24;-24,00%;111;111;;
PRO1310;P. RM PAN. C/ PH. M1-0.25 X 10 INOX A2;PÇ;1;1,07;0,07;7,00%;61;61;;
PRO1311;P. RM CH C/ PH. M3-0.50 X 20MA NYLON PA66 PRETO;PÇ;1;0,49;-0,51;-51,00%;1111;1111;;
PRO1312;P. RM CH C/ PH. M3-0.50 X 25MA NYLON PA66 PRETO;PÇ;1;0,53;-0,47;-47,00%;111;111;;
PRO1313;PORCA REBITE M4 ABA FINA AÇO ZINCADO;PÇ;1;0,67;-0,33;-33,00%;111;111;;
PRO1314;P. PLAST FL. C/ PH 3 X 16 ZP;PÇ;1;0,33;-0,67;-67,00%;111;111;;
PRO1315;POR. SEXT. M3-0.50MA FE. ZB;PÇ;1;0,06;-0,94;-94,00%;111;111;;
PRO1316;AR. DENTADA EXT. M20 INOX A2;PÇ;1;10,87;9,87;987,00%;111;111;;
PRO1317;P. RM PN. C/FE PH M3-0.50MA X 6 BC;PÇ;1;0,08;-0,92;-92,00%;111;111;;
PRO1318;AR. PRESSAO ME M3 FE. ZB;PÇ;1;0,02;-0,98;-98,00%;100000;100000;;
PRO1319;P. S/C SEXT INT. P. HD M6-1.00 X 8MA INOX A2;PÇ;1;0,82;-0,18;-18,00%;111;111;;
PRO1320;P. S/C SEXT INT P. CN M6-1.00MA X 6  INOX A4;PÇ;1;2,5;1,5;150,00%;1111;1111;;
PRO1321;P. AA PN. C/ PH 3 X 4 ZB;PÇ;1;0,15;-0,85;-85,00%;111;111;;
PRO1322;PLUG DIN 910 - G3/4 INOX A2;PÇ;1;34;33;3300,00%;111;111;;
PRO1323;PLUG DIN 908 - G1 1/2  INOX A2;PÇ;1;122,37;121,37;12137,00%;111;111;;
PRO1324;"PLUG DIN 906 - NPT 2"" INOX A2";PÇ;1;133,27;132,27;13227,00%;1111;1111;;
PRO1325;P S/C SEXT INT P CV M10-1.50 X 30MA INOX A4;PÇ;1;7,97;6,97;697,00%;111;111;;
PRO1326;REBITE POP 4.0 X 10 INOX A2;PÇ;1;0,49;-0,51;-51,00%;1111;1111;;
PRO1327;Macho Máquina M2.5x0,45 Hss-e1616 Tin - Yamawa Japan;PÇ;1;0,35;-0,65;-65,00%;1111;1111;;
PRO1328;P. AA CH. C/ PH 3.5 X 25 A2;PÇ;1;0,23;-0,77;-77,00%;111;111;;
PRO1329;ESPAÇADOR SEM ROSCA M4x6x7 ABS BRANCO;PÇ;1;0,43;-0,57;-57,00%;111;111;;
PRO1330;ESPAÇADOR SEM ROSCA M4x10x7 ABS BRANCO;PÇ;1;0,46;-0,54;-54,00%;111;111;;
PRO1331;P. AA CH. C/ PH 2.9 X 6.5 INOX A2;PÇ;1;0,09;-0,91;-91,00%;111;111;;
PRO1332;P. AA PN. C/ PH 2.9 X 6.5 INOX A2;PÇ;1;0,11;-0,89;-89,00%;1111;1111;;
PRO1333;REBITE DE PRESSÃO CASAL M/F 4X12mm INOX A2;PÇ;1;3,97;2,97;297,00%;1111;1111;;
PRO1334;REBITE DE PRESSÃO CASAL M/F 4X12mm INOX A2 - Ct;PÇ;1;377,15;376,15;37615,00%;1111;1111;;
PRO1335;REBITE DE PRESSÃO CASAL M/F 4X12mm INOX A2 - 500 peças;PÇ;1;1825;1824;182400,00%;11111;11111;;
PRO1336;REBITE DE PRESSÃO CASAL M/F 4X12mm INOX A2 - Milheiro;PÇ;1;3570;3569;356900,00%;11;11;;
PRO1337;P. CAB. CHATA TORX M1.6-0.35 X 5 INOX A2;PÇ;1;1,19;0,19;19,00%;111;111;;
PRO1338;P. CAB. CHATA TORX M1.6-0.35 X 10 INOX A2;PÇ;1;1,19;0,19;19,00%;111;111;;
PRO1339;P. S/C SEXT INT. P. PL M6-1.00 X 4MA INOX A2;PÇ;1;0,93;-0,07;-7,00%;111;111;;
PRO1340;P. S/C SEXT INT P. CN M12-1.75MA X 12 INOX A2;PÇ;1;4,71;3,71;371,00%;1111;1111;;
PRO1341;P. S/C SEXT. INT P. MOLA ESFERA M6-1.0 X 20MA A. LIGA;PÇ;1;2,98;1,98;198,00%;1111;1111;;
PRO1342;P. S/C SEXT. INT P. CV M5-0.80 X 6MA INOX A2;PÇ;1;0,22;-0,78;-78,00%;1111;1111;;
PRO1343;P. RM PAN. C/ PH. M2.5-0.45 X 6 NYLON PA66 PRETO;PÇ;1;0,54;-0,46;-46,00%;1111;1111;;
PRO1344;PARAFUSO DE TRAÇÃO REBITADEIRA DE ROSCA 1/4-20;PÇ;1;70;69;6900,00%;111;111;;
PRO1345;PARAFUSO DE TRAÇÃO REBITADEIRA DE ROSCA 5/16-18;PÇ;1;70;69;6900,00%;111;111;;
PRO1346;AR. PRESSAO M2 INOX A2;PÇ;1;0,13;-0,87;-87,00%;111111;111111;;
PRO1347;INSERTO METÁLICO SERRILHADO M3X5X5 - LATÃO;PÇ;1;0,85;-0,15;-15,00%;11111;11111;;
PRO1348;P. S/C SEXT. INT P. MOLA ESFERA M4-0.70 X 10MA A. LIGA;PÇ;1;2,1;1,1;110,00%;1111;1111;;
PRO1349;P. S/C SEXT. INT P. MOLA ESFERA M5-0.80 X 16MA A. LIGA;PÇ;1;2,37;1,37;137,00%;1111;1111;;
PRO1350;P. S/C SEXT. INT P. MOLA ESFERA M4-0.70 X 16MA A. LIGA;PÇ;1;2,21;1,21;121,00%;1111;1111;;
PRO1351;P. S/C SEXT. INT P. MOLA ESFERA M4-0.70 X 20MA A. LIGA;PÇ;1;2,35;1,35;135,00%;111;111;;
PRO1352;P. S/C SEXT. INT P. MOLA ESFERA M5-0.80 X 12MA A. LIGA;PÇ;1;2,35;1,35;135,00%;111;111;;
PRO1353;P. S/C SEXT. INT P. MOLA ESFERA M6-1.0 X 10MA A. LIGA;PÇ;1;2,64;1,64;164,00%;11111;11111;;
PRO1354;P. S/C SEXT. INT P. MOLA ESFERA M6-1.0 X 16MA A. LIGA;PÇ;1;2,87;1,87;187,00%;1111;1111;;
PRO1355;P. S/C SEXT. INT P. MOLA ESFERA M5-0.80 X 20MA A. LIGA;PÇ;1;2,57;1,57;157,00%;2222;2222;;
PRO1356;P. S/C SEXT INT. P. PL M3-0.50 X 4MA INOX A2;PÇ;1;0,85;-0,15;-15,00%;1111;1111;;
PRO1357;P. CAB. CILINDRICA SX INT. M8-1.25MA X 35 INOX A2;PÇ;1;1,99;0,99;99,00%;111;111;;
PRO1358;P. CAB. CILINDRICA SX INT. M8-1.25 X 20 LG 12.9;PÇ;1;0,77;-0,23;-23,00%;111;111;;
PRO1359;P. CAB. CILINDRICA SX INT. M8-1.25 X 16 LG 12.9;PÇ;1;0,74;-0,26;-26,00%;111;111;;
PRO1360;P. CAB. CILINDRICA SX INT. M6-1.00 X 30 LG 12.9;PÇ;1;0,46;-0,54;-54,00%;1111;1111;;
PRO1361;P. CAB. CILINDRICA SX INT. M5-0.80 X 20 LG 12.9;PÇ;1;0,32;-0,68;-68,00%;1111;1111;;
PRO1362;P. CAB. CHATA SX INT. M8-1.25 X 12 LG 12.9;PÇ;1;0,6;-0,4;-40,00%;111;111;;
PRO1363;BARRA ROSC. 1M. M4-0.70MA INOX A2;PÇ;1;13,78;12,78;1278,00%;111;111;;
PRO1364;P. CAB. CILINDRICA SX INT. M2-0.40MA X 4 LG 12.9;PÇ;1;0,85;-0,15;-15,00%;111;111;;
PRO1365;P. CAB. CILINDRICA SX INT. M2-0.40MA X 5 LG 12.9;PÇ;1;0,85;-0,15;-15,00%;111;111;;
PRO1366;P. CAB. CILINDRICA SX INT. M2-0.40MA X 6 LG 12.9;PÇ;1;0,85;-0,15;-15,00%;111;111;;
PRO1367;P. CAB. CILINDRICA SX INT. M2-0.40MA X 8 LG 12.9;PÇ;1;0,87;-0,13;-13,00%;111;111;;
PRO1368;P. CAB. CILINDRICA SX INT. M3-0.50 X 5MA LG 12.9;PÇ;1;0,39;-0,61;-61,00%;1111;1111;;
PRO1369;P. S/C SEXT INT P CV M2-0.40 X 5MA A. LIGA;PÇ;1;0,72;-0,28;-28,00%;111;111;;
PRO1370;P. AA CH. C/ PH 2.6 X 6 A2;PÇ;1;0,42;-0,58;-58,00%;11111;11111;;
PRO1371;ESPAÇADOR FÊMEA/FÊMEA M3X22 NYLON;PÇ;0,5;0,89;0,39;78,00%;500;250;;
PRO1372;P. RM CH C/ PH. M1.6-0.35 X 4MA INOX A2;PÇ;1;0,81;-0,19;-19,00%;19701;19701;;
PRO1373;P. AA CH. C/ PH 2.9 X 16 A2;PÇ;1;0,12;-0,88;-88,00%;11111;11111;;
PRO1374;P. AA CH. C/ PH 2.9 X 16 ZB;PÇ;1;0,07;-0,93;-93,00%;111;111;;
PRO1375;P. AA CH. C/ PH 3.5 X 16 A2;PÇ;1;0,18;-0,82;-82,00%;1111;1111;;
PRO1376;P. RM CH. C/ PH M3-0.50 X 16 ZB;PÇ;1;0,19;-0,81;-81,00%;1111;1111;;
PRO1377;ESPAÇADOR SEM ROSCA M6x20x11 ABS BRANCO;PÇ;1;0,78;-0,22;-22,00%;1111;1111;;
PRO1378;POR. TRAVANTE FL M4-0.70MA INOX A2;PÇ;1;0,87;-0,13;-13,00%;11111;11111;;
PRO1379;POR. TRAVANTE FL M5-0.80MA INOX A2;PÇ;1;0,98;-0,02;-2,00%;111;111;;
PRO1380;POR. TRAVANTE FL M6-1.0MA INOX A2;PÇ;1;1,76;0,76;76,00%;111;111;;
PRO1381;POR. TRAVANTE FL M8-1.25MA INOX A2;PÇ;1;2,79;1,79;179,00%;1111;1111;;
PRO1382;POR. TRAVANTE FL M10-1.5MA INOX A2;PÇ;1;4,64;3,64;364,00%;1111;1111;;
PRO1383;POR. TRAVANTE FL M12-1.75MA INOX A2;PÇ;1;9,24;8,24;824,00%;111;111;;
PRO1384;POR. TRAVANTE FL M16-2.0MA INOX A2;PÇ;1;37;36;3600,00%;1111;1111;;
PRO1385;PINO ESPIRAL DIN7343 M6x30 INOX A2;PÇ;1;4,4;3,4;340,00%;1111;1111;;
PRO1386;PINO ESPIRAL DIN7343 M6x50 INOX A2;PÇ;1;5,47;4,47;447,00%;111;111;;
PRO1387;AR. PRESSAO ME M10 FE. ZB;PÇ;1;0,2;-0,8;-80,00%;111;111;;
PRO1388;AR. PRESSAO ME M5 FE. ZB;PÇ;1;0,06;-0,94;-94,00%;11111111111;11111111111;;
PRO1389;AR. LISA 1/4 FE. ZB;PÇ;1;0,11;-0,89;-89,00%;111111;111111;;
PRO1390;AR. LISA 3/16 FE. ZB;PÇ;1;0,09;-0,91;-91,00%;11111;11111;;
PRO1391;AR. LISA #10 - 3/16 INOX 18.8;PÇ;1;0,13;-0,87;-87,00%;1111;1111;;
PRO1392;AR. LISA M5 FE. ZB;PÇ;1;0,09;-0,91;-91,00%;11111;11111;;
PRO1393;AR. LISA 1/8 FE. ZB;PÇ;1;0,03;-0,97;-97,00%;1111111111;1111111111;;
PRO1394;P. AA PN. C/ PH 2.2 X 13 ZB;PÇ;1;0,09;-0,91;-91,00%;1111;1111;;
PRO1395;P. AA PN. C/ PH 3.5 X 9.5 ZB;PÇ;1;0,08;-0,92;-92,00%;111;111;;
PRO1396;P. AA PN. C/ PH 5.5 X 16 ZB;PÇ;1;0,22;-0,78;-78,00%;11111;11111;;
PRO1397;P. RM PN. C/FE PH M5-0.80MA X 40 BC;PÇ;1;0,32;-0,68;-68,00%;11111;11111;;
PRO1398;P. CAB. CILINDRICA SX INT. M2.5-0.45MA X 6 INOX A2;PÇ;1;0,83;-0,17;-17,00%;11111;11111;;
PRO1399;P. CAB. ABAULADA SX INT. M4-0.70 X 6 INOX A2;PÇ;1;0,58;-0,42;-42,00%;111;111;;
PRO1400;P. CAB. ABAULADA SX INT. M6-1.00 X 70 INOX A2;PÇ;1;2,3;1,3;130,00%;1111;1111;;
PRO1401;P. CAB. ABAULADA SX INT. M6-1.00 X 80 INOX A2;PÇ;1;2,8;1,8;180,00%;11111;11111;;
PRO1402;P. S/C SEXT. INT P. PL M2-0.40 X 4 MA INOX A2;PÇ;1;0,89;-0,11;-11,00%;111111;111111;;
PRO1403;P. AA PN. C/ PH 5.5 X 25 ZB;PÇ;1;0,25;-0,75;-75,00%;11111;11111;;
PRO1404;P. PLAST PN. C/ PH 2.5 X 14 ZB;PÇ;1;0,07;-0,93;-93,00%;1111;1111;;
PRO1405;P. PLAST PN. C/ PH 2.5 X 8 ZB;PÇ;1;0,06;-0,94;-94,00%;111;111;;
PRO1406;P. PLAST PN. C/ PH 3.0 X 22 ZB;PÇ;1;0,11;-0,89;-89,00%;111;111;;
PRO1407;P. RM CL. C/ FE M2-0.40 X 10 INOX A2;PÇ;1;0,43;-0,57;-57,00%;1111;1111;;
PRO1408;P. CAB. CILINDRICA SX INT. M10-1.50 X 16 LG 12.9;PÇ;1;1,17;0,17;17,00%;1111;1111;;
PRO1409;ARR. ABA LARGA M6 INOX A2;PÇ;1;0,29;-0,71;-71,00%;1111;1111;;
PRO1410;P. RM CH. C/ PH M4-0.70 X 10 BC;PÇ;1;0,06;-0,94;-94,00%;1111;1111;;
PRO1411;P. CAB. CILINDRICA SX INT. M2.5-0.45MA X 40 INOX A2;PÇ;1;3,9;2,9;290,00%;1111;1111;;
PRO1412;REB. REPUXO 3.2 X 12 ACO/ALUMINIO;PÇ;1;0,08;-0,92;-92,00%;111;111;;
PRO1413;REB. REPUXO 2.4 X 6.0 ACO / ALUMINIO;PÇ;1;0,08;-0,92;-92,00%;111;111;;
PRO1414;P. AA CH. C/ PH 2.2 X 12 A2;PÇ;1;0,37;-0,63;-63,00%;1111;1111;;
PRO1415;P. RM CH C/ PH. M3-0.50 X 25MA INOX A2;PÇ;1;0,72;-0,28;-28,00%;1111;1111;;
PRO1416;P. RM CH C/ PH. M3-0.50 X 20MA INOX A2;PÇ;1;0,27;-0,73;-73,00%;1111;1111;;
PRO1417;P. RM CH C/ PH. M3-0.50 X 12MA INOX A2;PÇ;1;0,13;-0,87;-87,00%;111;111;;
PRO1418;P. S/C SEXT INT. P. HD M6-1.00 X 10MA INOX A2;PÇ;1;1,13;0,13;13,00%;32;32;;
PRO1419;P. S/C SEXT INT. P. HD M6-1.00 X 6MA INOX A2;PÇ;1;0,89;-0,11;-11,00%;77;77;;
PRO1420;P. RM CH C/ PH. M4-0.70 X 8MA INOX A2;PÇ;1;0,17;-0,83;-83,00%;1111;1111;;
PRO1421;P. AA CH. C/ PH 4.8 X 38 A2;PÇ;1;0,57;-0,43;-43,00%;1111;1111;;
PRO1422;P. CAB. CILINDRICA SX INT. M4-0.70MA X 6 INOX A2;PÇ;1;0,27;-0,73;-73,00%;111;111;;
PRO1423;BARRA ROSC. 1M. M5-0.80MA INOX A2;PÇ;1;14,89;13,89;1389,00%;111;111;;
PRO1424;FRETE VIA LOGGI EXPRESS ;PÇ;1;11,35;10,35;1035,00%;1110;1110;;
PRO1425;P. RM PN. C/FE PH M4-0.70MA X 10 BC;PÇ;1;0,11;-0,89;-89,00%;111;111;;
PRO1426;PORRCA GARRA M4 - BC;PÇ;1;0,49;-0,51;-51,00%;1111;1111;;
PRO1427;PORCA REBITE 5/16-18 CILINDRICO ABA PLANA ZB;PÇ;1;0,97;-0,03;-3,00%;1111;1111;;
PRO1428;P. S/C SEXT. INT P. CV M1.6-0.35 X 2MA INOX A2;PÇ;1;1,17;0,17;17,00%;5;5;;
PRO1429;P. S/C SEXT. INT P. CV M1.6-0.35 X 4MA INOX A2;PÇ;1;1,19;0,19;19,00%;10;10;;
PRO1430;P. RM CH C/ PH. M2-0.40 X 14MA INOX A2;PÇ;1;0,59;-0,41;-41,00%;1111;1111;;
PRO1431;P. PLAST PN. C/ TORX 2.2 X 6 INOX A2;PÇ;1;0,49;-0,51;-51,00%;109111;109111;;
PRO1432;ESPAÇADOR MACHO/FÊMEA M4X6+6 NYLON PA66 PRETO;PÇ;1;0,83;-0,17;-17,00%;500;500;;
PRO1433;ARRUELA DE NYLON M3 PA66 BRANCO;PÇ;1;0,39;-0,61;-61,00%;11111;11111;;
PRO1434;ARRUELA DE NYLON M4 PA66 BRANCO;PÇ;1;0,39;-0,61;-61,00%;11111;11111;;
PRO1435;P. S/C SEXT. INT P. CV M4-0.70 X 10MA LATÃO;PÇ;1;5,6;4,6;460,00%;24;24;;
PRO1436;P. S/C SEXT. INT P. CV M5-0.80 X 10MA LATÃO;PÇ;1;5,97;4,97;497,00%;111;111;;
PRO1437;P. S/C SEXT. INT P. CV M5-0.80 X 5MA LATÃO;PÇ;1;5,72;4,72;472,00%;1111;1111;;
PRO1438;PA. TORX CNC M2.5-0.45X6 AÇO LIGA;PÇ;1;2,96;1,96;196,00%;111;111;;
PRO1439;PA. TORX CNC M1.8-0.35X4 AÇO LIGA;PÇ;1;3,15;2,15;215,00%;111;111;;
PRO1440;P. CAB. ABAULADA TORX C/ PINO M8-1.25 X 65 INOX A2;PÇ;1;23,8;22,8;2280,00%;11111;11111;;
PRO1441;P S/C SEXT. INT P. CV M8-1.25 X 40MA INOX A4;PÇ;1;10,78;9,78;978,00%;1111;1111;;
PRO1442;P. CAB. CILINDRICA SX INT. M12-1.75MA X 80 INOX A4;PÇ;1;34,15;33,15;3315,00%;1111;1111;;
PRO1443;PINO GUIA ISO2338 M3X10 INOX A2;PÇ;1;0,79;-0,21;-21,00%;1111;1111;;
PRO1444;PINO GUIA ISO8734  M2X6 INOX A2;PÇ;1;0,75;-0,25;-25,00%;111;111;;
PRO1445;P. RM PAN. C/ TORX M2-0.4 X 4 INOX A2;PÇ;1;0,89;-0,11;-11,00%;1111;1111;;
PRO1446;P. RM PAN. C/ TORX M2-0.4 X 5 INOX A2;PÇ;1;0,89;-0,11;-11,00%;1111;1111;;
PRO1447;P. RM CH. C/ PH M3-0.50 X 16 BC;PÇ;1;0,09;-0,91;-91,00%;111111;111111;;
PRO1448;P. CAB. ABAULADA TORX C/ PINO M5-0.80 X 22 INOX A2;PÇ;1;6;5;500,00%;111111;111111;;
PRO1449;P. CAB. CILINDRICA TORX C/ PINO M5-0.80 X 12 INOX A2;PÇ;1;3,5;2,5;250,00%;1111111;1111111;;
PRO1450;P. CAB. CILINDRICA TORX C/ PINO M5-0.80 X 10 INOX A2;PÇ;1;3,27;2,27;227,00%;11111111111;11111111111;;
PRO1451;P. CAB. ABAULADA TORX C/ PINO M6-1.00 X 8 INOX A2;PÇ;1;4,23;3,23;323,00%;1,11E+13;1,11111E+13;;
PRO1452;P. CAB. ABAULADA TORX M4-0.70 X 8 INOX A2;PÇ;1;1,49;0,49;49,00%;111111;111111;;
PRO1453;P S/C SEXT. INT P. CV M4-0.70 X 12MA INOX A2;PÇ;1;0,59;-0,41;-41,00%;11111;11111;;
PRO1454;PO SEXT. FLANG. SE. M6-1.00MA INOX A2;PÇ;1;0,56;-0,44;-44,00%;111111;111111;;
PRO1455;P. S/C SEXT INT. P. PL M2.5-0.45MA X 2.5 INOX A2;PÇ;1;0,89;-0,11;-11,00%;11111;11111;;
PRO1456;P. S/C SEXT INT. P. PL M3-0.5MA X 2.5 INOX A2;PÇ;1;0,89;-0,11;-11,00%;1111;1111;;
PRO1457;P. RM CH C/ PH. M4-0.70 X 20MA NYLON P66- PRETO;PÇ;1;1,27;0,27;27,00%;1111;1111;;
PRO1458;ARRUELA DE NYLON M12 PA66 PRETA;PÇ;1;1,12;0,12;12,00%;1111;1111;;
PRO1459;P. S/C SEXT INT. P. PL M2.5-0.45MA X 6 INOX A2;PÇ;1;0,89;-0,11;-11,00%;1111;1111;;
PRO1460;P. S/C SEXT INT. P. PL M2-0.40MA X 3 A. LIGA;PÇ;1;0,89;-0,11;-11,00%;117;117;;
PRO1461;P. S/C SEXT INT. P. PL M2-0.40MA X 6 INOX A2;PÇ;1;0,89;-0,11;-11,00%;1111;1111;;
PRO1462;PORCA REBITE M5 CILINDRICO ABA CÔNICA AÇO C. BICRO.;PÇ;1;0,69;-0,31;-31,00%;111;111;;
PRO1463;P. RM PN. C/FE PH M4-0.70MA X 12 BC;PÇ;1;0,13;-0,87;-87,00%;1111;1111;;
PRO1464;P. RM PN. C/FE PH M4-0.70MA X 16 BC;PÇ;1;0,17;-0,83;-83,00%;1111;1111;;
PRO1465;P. RM PN. C/FE PH M4-0.70MA X 20 BC;PÇ;1;0,21;-0,79;-79,00%;111;111;;
PRO1466;P. PLAST PN. C/ TORX 2.9X10 INOX A2;PÇ;1;0,56;-0,44;-44,00%;508;508;;
PRO1467;P. AA PN. C/ TORX 2.6 X 10 INOX A2;PÇ;1;0,53;-0,47;-47,00%;11111;11111;;
PRO1468;INSERTO METÁLICO SERRILHADO M4X8X5 - LATÃO;PÇ;1;0,93;-0,07;-7,00%;1111;1111;;
PRO1469;P. CAB. ABAULADA SX INT. M4-0.70 X 25 INOX A2;PÇ;1;0,37;-0,63;-63,00%;111;111;;
PRO1470;P. RM CH C/ PH. M8-1.25 X 40MA NYLON PA66- PRETO;PÇ;1;6,37;5,37;537,00%;1111;1111;;
PRO1471;P. CAB. CILINDRICA TORX M2-0.40MA X 5 INOX A2;PÇ;1;1,72;0,72;72,00%;1111;1111;;
PRO1472;PORCA REBITE 1/4-20 CILINDRICO ABA PLANA BICRO;PÇ;1;0,7;-0,3;-30,00%;11111;11111;;
PRO1473;INSERTO METÁLICO SERRILHADO M2.5X3X3.5 - LATÃO;PÇ;1;0,83;-0,17;-17,00%;1111111;1111111;;
PRO1474;P. CAB. CILINDRICA SX INT. M10-1.50MA X 30 INOX A2;PÇ;1;2,93;1,93;193,00%;1101;1101;;
PRO1475;P. RM CH C/ PH. M2.5-0.45 X 16MA INOX A2;PÇ;1;0,78;-0,22;-22,00%;91;91;;
PRO1476;P. RM CH C/ PH. M2.5-0.45 X 14MA INOX A2;PÇ;1;0,73;-0,27;-27,00%;1101;1101;;
PRO1477;INSERTO METÁLICO SERRILHADO M3X10X5 - LATÃO;UN;1;0,97;-0,03;-3,00%;11111;11111;;
PRO1478;P S/C SEXT. INT P. CV M3-0.50 X 12MA INOX A2;PÇ;1;0,78;-0,22;-22,00%;1111;1111;;
PRO1479;P. CAB. CHATA TORX M2-0.40MA X 12 INOX A2;PÇ;1;0,99;-0,01;-1,00%;11111;11111;;
PRO1480;MACHO MANUAL UNITÁRIO DIREITO M1.6x0,35mm HSS;PÇ;1;30;29;2900,00%;111;111;;
PRO1481;P. CAB. CILINDRICA SX INT. M1.6-0.35MA X 12 INOX A2;PÇ;1;1,28;0,28;28,00%;1111;1111;;
PRO1482;P. CAB. ABAULADA SX INT. M5-0.80 X 20 INOX A2;PÇ;1;0,6;-0,4;-40,00%;111;111;;
PRO1483;P. CAB. ABAULADA SX INT. M5-0.80 X 30 INOX A2;PÇ;1;0,83;-0,17;-17,00%;111;111;;
PRO1484;P. CAB. CILINDRICA SX INT. M12-1.75MA X 80 INOX A2;PÇ;1;10,7;9,7;970,00%;111;111;;
PRO1485;AR. PRESSAO M12 INOX A2;PÇ;1;0,35;-0,65;-65,00%;111;111;;
PRO1486;ARRUELA DE NYLON M2.5 PA66 BRANCO;PÇ;1;0,25;-0,75;-75,00%;111;111;;
PRO1487;P. CAB. ABAULADA SX INT. M3-0.50 X 50 INOX A2;PÇ;1;2,97;1,97;197,00%;1111;1111;;
PRO1488;P. RM PN. C/TORX PH M4-0.80MA X 8 ZB;PÇ;1;0,49;-0,51;-51,00%;111111;111111;;
PRO1489;POR. CALOTA M4-0.70MA INOX A2;PÇ;1;0,67;-0,33;-33,00%;111;111;;
PRO1490;AR. DENTADA EXT. M10 INOX A2;PÇ;1;2,17;1,17;117,00%;11111;11111;;
PRO1491;AR. DENTADA EXT. M6 INOX A2;PÇ;1;0,48;-0,52;-52,00%;1111;1111;;
PRO1492;COSSINETE M2.2X0.45mm;PÇ;1;36,4;35,4;3540,00%;8;8;;
PRO1493;P. RM PAN. C/ PH. M6-1.00 X 20 NYLON PA66 BRANCO;PÇ;1;4,27;3,27;327,00%;600;600;;
PRO1494;P. AA CH. C/ PH 4.2 X 38 A2;PÇ;1;0,45;-0,55;-55,00%;11111;11111;;
PRO1495;P. AA CH. C/ PH 4.2 X 45 A2;PÇ;1;0,54;-0,46;-46,00%;111;111;;
PRO1496;P. RM PAN. C/ TORX M5-0.80 X 10 INOX A2;PÇ;1;2;1;100,00%;1111;1111;;
PRO1497;MACHO MANUAL UNITÁRIO DIREITO M2.5x0,45mm HSS;PÇ;1;33,8;32,8;3280,00%;1111;1111;;
PRO1498;P. AA CH. C/ PH 4.8 X 45 A2;PÇ;1;0,75;-0,25;-25,00%;1000;1000;;
PRO1499;P. AA CH. C/ PH 3.9 X 22 A2;PÇ;1;0,28;-0,72;-72,00%;1000;1000;;
PRO1500;P. AA CH. C/ PH 2.9 X 19 A2;PÇ;1;0,19;-0,81;-81,00%;1000;1000;;
PRO1501;12;PÇ;1;1;0;0,00%;111;111;;
PRO1502;13;PÇ;1;111;110;11000,00%;1;1;;
PRO1503;P. RM CH C/ PH. M2-0.40 X 4MA ZP;PÇ;1;0,37;-0,63;-63,00%;1000;1000;;
PRO1504;P. RM CH C/ PH. M2-0.40 X 5MA ZP;PÇ;1;0,38;-0,62;-62,00%;1000;1000;;
PRO1505;P. RM CH C/ PH. M2-0.40 X 6MA ZP;PÇ;1;0,39;-0,61;-61,00%;1000;1000;;
PRO1506;P. RM CH C/ PH. M2-0.40 X 8MA ZP;PÇ;1;0,43;-0,57;-57,00%;1000;1000;;
PRO1507;P. RM CH C/ PH. M2-0.40 X 10MA ZP;PÇ;1;0,49;-0,51;-51,00%;1000;1000;;
PRO1508;P. RM CH C/ PH. M2-0.40 X 16MA ZP;PÇ;1;0,53;-0,47;-47,00%;1000;1000;;
PRO1509;P. RM CH C/ PH. M2-0.40 X 20MA ZP;PÇ;1;0,62;-0,38;-38,00%;1000;1000;;
PRO1510;P. RM CH C/ PH. M2-0.40 X 20MA INOX A2;PÇ;1;0,69;-0,31;-31,00%;1000;1000;;
PRO1511;22;PÇ;1;11;10;1000,00%;11;11;;
PRO1512;23;PÇ;1;111;110;11000,00%;111;111;;
PRO1513;BUCHA AMERICANA M4 - ZAMAK ;PÇ;1;0,97;-0,03;-3,00%;111;111;;
PRO1514;ARRUELA DE NYLON M5x8x1mm NYLON PA 66 PRETO;PÇ;1;0,39;-0,61;-61,00%;1111;1111;;
PRO1515;PORCA REBITE COM ROSCA HSP- PLANA M5-0.80 FE. ZB;PÇ;1;0,89;-0,11;-11,00%;1111;1111;;
PRO1516;INSERTO METÁLICO SERRILHADO M4X10X5 - LATÃO;PÇ;1;1,09;0,09;9,00%;11111;11111;;
PRO1517;P. AA PN. C/ PH 4.2 X 32 ZB;PÇ;1;0,19;-0,81;-81,00%;111;111;;
PRO1518;REBITE MACIÇO CAB. REDONDA M3X12- COBRE;PÇ;1;1,23;0,23;23,00%;1111;1111;;
PRO1519;P. CAB. ABAULADA TORX C/ PINO M5-0.80 X 50 INOX A2;PÇ;1;7,97;6,97;697,00%;111;111;;
PRO1520;teste;PÇ;1;1;0;0,00%;11;11;;
PRO1521;teste111;PÇ;1;1;0;0,00%;1;1;;
PRO1522;P. RM CH C/ PH. M5-0.80 X 10MA- LATÃO;PÇ;1;3,23;2,23;223,00%;1111;1111;;
PRO1523;P. RM CH. C/ FE. M5-0.80 X 16MA - LATÃO;PÇ;1;3,67;2,67;267,00%;111;111;;
PRO1524;PORCA SEXTAVADA - M5-0.80 - LATAO;PÇ;1;0,66;-0,34;-34,00%;111;111;;
PRO1525;P. RM CH C/ PH. M2.5-0.45 X 40MA INOX A2;PÇ;1;2,16;1,16;116,00%;111;111;;
PRO1526;P. RM CH C/ PH. M2.5-0.45 X 60MA INOX A2;PÇ;1;2,97;1,97;197,00%;111;111;;
PRO1527;POR. SEXT. M10-1.50MA NYLON PA66 BRANCO;PÇ;1;1,97;0,97;97,00%;11061;11061;;
PRO1528;P. RM CH C/ PH. M3-0.50 X 8MA INOX A2;PÇ;1;0,05;-0,95;-95,00%;11111111;11111111;;
PRO1529;P. RM CH C/ PH. M8-1.25 X 30MA NYLON PA66 PRETO;PÇ;1;6,17;5,17;517,00%;1111;1111;;
PRO1530;P. PLAST PN. C/ PH 2.3x6 INOX A2;PÇ;1;0,37;-0,63;-63,00%;100000;100000;;
PRO1531;P. PLAST PN. C/ PH 2.3x8 INOX A2;PÇ;1;0,39;-0,61;-61,00%;100000;100000;;
PRO1532;P. PLAST PN. C/ PH 2.3x12 INOX A2;PÇ;1;0,43;-0,57;-57,00%;11111;11111;;
PRO1533;INSERTO METÁLICO SERRILHADO M3X3X4.2 - LATÃO;PÇ;0,9;1,04;0,14;15,56%;5000;4500;;
PRO1534;P. S/C SEXT INT. P. PL M2-0.4MA X 2.5 INOX A2;PÇ;1;0,92;-0,08;-8,00%;1111;1111;;
PRO1535;P. RM PN. C/FE PH M4-0.70MA X 8 BC;PÇ;1;0,11;-0,89;-89,00%;1111;1111;;
PRO1536;P. RM CH C/ PH. M2.5-0.45 X 5MA INOX A2;PÇ;1;0,49;-0,51;-51,00%;11111;11111;;
PRO1537;P. CAB. CILINDRICA SX INT. M2.5-0.45MA X 30 INOX A;PÇ;1;3,4;2,4;240,00%;1111;1111;;
PRO1538;P. SEXT. RI M3-0.50MA X 20 INOX A4;PÇ;1;1,07;0,07;7,00%;1111;1111;;
PRO1539;MANÍPULO M4X20 - NYLON PA66 BRANCO;PÇ;1;4,5;3,5;350,00%;11111;11111;;
PRO1540;P. AA CH. C/ TORX 2 X 6 INOX A2;PÇ;1;0,49;-0,51;-51,00%;1111;1111;;
PRO1541;P. RM PAN. C/ PH. M2.5-0.45 X 16 INOX A2;PÇ;1;0,75;-0,25;-25,00%;11111;11111;;
PRO1542;P. AA PN. C/ PH 2.2 X 8 ZB;PÇ;1;0,23;-0,77;-77,00%;111;111;;
PRO1543;P. RM CH C/ PH. M2.5-0.45 X 8MA INOX A2;PÇ;1;0,52;-0,48;-48,00%;1111;1111;;
PRO1544;P. RM CH C/ PH. M2.5-0.45 X 6MA PA66 PRETO;PÇ;1;0,54;-0,46;-46,00%;1111;1111;;
PRO1545;P. CAB. CILINDRICA SX INT. M3-0.50MA X 12 INOX A4;PÇ;1;1,32;0,32;32,00%;11111;11111;;
PRO1546;P. CAB. CILINDRICA SX INT. M6-1.00MA X 55 INOX A4;PÇ;1;6,97;5,97;597,00%;1111;1111;;
PRO1547;P. CAB. CILINDRICA SX INT. M16-2.00MA X 80 INOX A4;PÇ;1;58;57;5700,00%;1111;1111;;
PRO1548;P. CAB. CILINDRICA SX INT. M20-2.50MA X 90 INOX A4;PÇ;1;98;97;9700,00%;1111;1111;;
PRO1549;P. CAB. ABAULADA SX INT. M4-0.70 X 6 INOX A4;PÇ;1;0,97;-0,03;-3,00%;11111;11111;;
PRO1550;P. AA CH. C/ PH 2.2 X 10 A2;PÇ;1;0,54;-0,46;-46,00%;111111;111111;;
PRO1551;P. CAB. ABAULADA SX INT. M5-0.80 X 35 INOX A2;PÇ;1;2,43;1,43;143,00%;111;111;;
PRO1552;P. CAB. ABAULADA SX INT. M5-0.80 X 40 INOX A2;PÇ;1;2,69;1,69;169,00%;11111;11111;;
PRO1553;P. CAB. ABAULADA SX INT. M6-1.00 X 40 INOX A2;PÇ;1;1,26;0,26;26,00%;1111;1111;;
PRO1554;P. CAB. ABAULADA SX INT. M6-1.00 X 45 INOX A2;PÇ;1;1,5;0,5;50,00%;1111;1111;;
PRO1555;P. CAB. ABAULADA SX INT. M6-1.00 X 50 INOX A2;PÇ;1;2,37;1,37;137,00%;111;111;;
PRO1556;P. RM PAN. C/ PH. M5-0.80 X 50 NYLON PA66 BRANCO;PÇ;1;4,97;3,97;397,00%;1111;1111;;
PRO1557;P. CAB. CILINDRICA SX INT. M3-0.50MA X 5 INOX A2;PÇ;1;0,49;-0,51;-51,00%;1111;1111;;
PRO1558;P. RM PAN. C/ PH. M6-1.00 X 15 NYLON PA66 BRANCO;PÇ;1;3,27;2,27;227,00%;1111;1111;;
PRO1559;P. CAB. CILINDRICA BAIXA M3-0.50MA X 6 INOX A2;PÇ;1;0,69;-0,31;-31,00%;11111;11111;;
PRO1560;P. CAB. CILINDRICA BAIXA M3-0.50MA X 8 INOX A2;PÇ;1;0,69;-0,31;-31,00%;11111;11111;;
PRO1561;P. CAB. CILINDRICA BAIXA M3-0.50MA X 10 INOX A2;PÇ;1;0,69;-0,31;-31,00%;11111;11111;;
PRO1562;P. CAB. CILINDRICA BAIXA M3-0.50MA X 12 INOX A2;PÇ;1;0,69;-0,31;-31,00%;11111;11111;;
PRO1563;P. CAB. CILINDRICA BAIXA M3-0.50MA X 16 INOX A2;PÇ;1;0,73;-0,27;-27,00%;1111;1111;;
PRO1564;P. CAB. CILINDRICA BAIXA M3-0.50MA X 20 INOX A2;PÇ;1;0,77;-0,23;-23,00%;1111;1111;;
PRO1565;P. CAB. CILINDRICA BAIXA M3-0.50MA X 25 INOX A2;PÇ;1;0,78;-0,22;-22,00%;11111;11111;;
PRO1566;P. CAB. CILINDRICA BAIXA M4-0.70MA X 10 INOX A2;PÇ;1;0,79;-0,21;-21,00%;1111;1111;;
PRO1567;P. CAB. CILINDRICA BAIXA M4-0.70MA X 12 INOX A2;PÇ;1;0,83;-0,17;-17,00%;1111;1111;;
PRO1568;P. CAB. CILINDRICA BAIXA M4-0.70MA X 16 INOX A2;PÇ;1;0,89;-0,11;-11,00%;1111;1111;;
PRO1569;P. CAB. CILINDRICA BAIXA M4-0.70MA X 20 INOX A2;PÇ;1;0,93;-0,07;-7,00%;1111;1111;;
PRO1570;P. CAB. CILINDRICA BAIXA M4-0.70MA X 25 INOX A2;PÇ;1;1,11;0,11;11,00%;1111;1111;;
PRO1571;P. CAB. CILINDRICA BAIXA M5-0.80MA X 12 INOX A2;PÇ;1;1,3;0,3;30,00%;1111;1111;;
PRO1572;P. CAB. CILINDRICA BAIXA M5-0.80MA X 16 INOX A2;PÇ;1;1,17;0,17;17,00%;11111;11111;;
PRO1573;P. CAB. CILINDRICA BAIXA M5-0.80MA X 20 INOX A2;PÇ;1;1,27;0,27;27,00%;1111;1111;;
PRO1574;P. CAB. CILINDRICA BAIXA M5-0.80MA X 25 INOX A2;PÇ;1;1,32;0,32;32,00%;1111;1111;;
PRO1575;P. CAB. CILINDRICA BAIXA M6-1.00MA X 10 INOX A2;PÇ;1;1,49;0,49;49,00%;1111;1111;;
PRO1576;P. CAB. CILINDRICA BAIXA M6-1.00MA X 12 INOX A2;PÇ;1;1,55;0,55;55,00%;1111;1111;;
PRO1577;P. CAB. CILINDRICA BAIXA M6-1.00MA X 16 INOX A2;PÇ;1;1,62;0,62;62,00%;1111;1111;;
PRO1578;P. CAB. CILINDRICA BAIXA M6-1.00MA X 20 INOX A2;PÇ;1;1,87;0,87;87,00%;11111;11111;;
PRO1579;P. CAB. CILINDRICA BAIXA M6-1.00MA X 25 INOX A2;PÇ;1;2,07;1,07;107,00%;1111;1111;;
PRO1580;P. CAB. CILINDRICA SX INT. M3-0.50MA X 10 INOX A4;PÇ;1;1,27;0,27;27,00%;1111;1111;;
PRO1581;P. CAB. CILINDRICA SX INT. M3-0.50MA X 30 INOX A2;PÇ;1;1,58;0,58;58,00%;1111;1111;;
PRO1582;P. S/C SEXT. INT P. MOLA ESFERA M3-0.50 X 6MA A. LIGA;PÇ;1;1,87;0,87;87,00%;1111;1111;;
PRO1583;POR. TRAVANTE M2.5-0.45MA AÇO LIGA POLIDO;PÇ;1;0,89;-0,11;-11,00%;1111;1111;;
PRO1584;POR. SEXT. M2-0.40MA AÇO ZP;PÇ;1;0,32;-0,68;-68,00%;1111;1111;;
PRO1585;P. S/C SEXT. INT P. CV M4-0.70 X 6MA INOX A2;PÇ;1;0,2;-0,8;-80,00%;111;111;;
PRO1586;P S/C SEXT. INT P. CV M5-0.80 X 12MA INOX A2;PÇ;1;0,39;-0,61;-61,00%;111;111;;
